calls_per_s,cap,coats,condition,coverage,dmax,forced_per_agent_h,inside,kl_per_agent_h,kl_steady_per_agent_h,kl_view_per_agent_h,late,left,llm_frac,model,model_util,n,order_free,over_cap_frac,overflow_frac,overrun,probes,scenario,seed,small_frac,stale,stall_per_agent_h,stretches,t50,t90,w1
0.7244444444444444,10.0,3,parity,1.0,2.1797515097711164,0.0,24,2.924636845637858,2.002766467184695,2.48858623405044,154,216,0.11294352823588207,llama3.1:8b,0.8016900492066634,300,False,0.0,0.0,420,0,museum,0,0.0,172,469.91477052323586,564,336.0,579.0,88.2
0.6877777777777778,10.0,3,parity,1.0,1.8362718012545816,0.0,3,3.638287960021251,4.282570391687528,5.4297570263066754,283,223,0.09675925925925925,llama3.1:8b,0.7580541630627381,300,False,0.0,0.0,451,0,museum,1,0.0,38,338.1251804750989,570,281.0,511.0,50.9
0.7111111111111111,10.0,6,parity,1.0,2.198351034370396,0.0,20,3.7099461709055364,3.2248342595654536,4.579763676618445,278,229,0.09734939759036144,llama3.1:8b,0.7877187525985452,300,False,0.0,0.0,465,0,museum,2,0.0,74,461.74014142650935,573,312.0,565.0,46.400000000000006
0.6044444444444445,10.0,2,parity,1.0,1.9353706416406182,0.0,21,3.608577128681083,3.4457686457583785,4.801661991676009,232,215,0.08716707021791767,llama3.1:8b,0.6655805167554516,300,False,0.0,0.0,403,0,museum,3,0.0,46,167.97682787676644,560,255.0,567.0,12.700000000000001
0.7711111111111111,10.0,0,parity,1.0,1.789031526731952,0.0,19,3.6409420828341106,2.339888619094093,3.4609250578124846,212,228,0.09322493224932249,llama3.1:8b,0.8513563487400663,300,False,0.0,0.0,494,0,museum,4,0.0,223,568.2985203323034,557,342.0,568.0,48.0
0.7111111111111111,10.0,3,parity,1.0,1.5285573694771375,0.0,30,3.710036044735838,2.731472720161151,4.594894100250653,294,224,0.10333863275039745,llama3.1:8b,0.7862659285199415,300,False,0.0,0.0,472,0,museum,5,0.0,80,372.11258811350825,554,312.0,596.0,79.0
0.6822222222222222,10.0,4,parity,1.0,2.1106533466646806,0.0,0,4.397769600814016,4.503611060324364,6.273974272572147,281,229,0.07953529937444147,llama3.1:8b,0.755073228359009,300,False,0.0,0.0,464,0,museum,6,0.0,70,332.9133820186681,571,266.0,489.0,39.5
0.8377777777777777,10.0,1,parity,1.0,2.1215772917923235,0.0,5,3.343793577010723,1.820541535487917,2.6034042544264455,299,218,0.10157894736842105,llama3.1:8b,0.9231233444779839,300,False,0.0,0.0,571,0,museum,7,0.0,195,876.976111279105,547,361.0,531.0,85.69999999999999
0.7955555555555556,10.0,4,parity,1.0,1.742614358158659,0.0,0,3.5599103897414452,3.408519888182499,4.303022215745849,358,227,0.08116189662537378,llama3.1:8b,0.8768670066875832,300,False,0.0,0.0,577,0,museum,8,0.0,100,592.6288938875524,559,322.0,497.0,52.69999999999999
0.5744444444444444,10.0,2,parity,1.0,3.072177391010046,0.0,23,4.271926164355385,3.6650504367719288,6.151878565746246,193,218,0.09961315280464217,llama3.1:8b,0.6333411399045468,300,False,0.0,0.0,354,0,museum,9,0.0,30,95.3569001864209,568,241.0,576.0,24.900000000000006
0.6022222222222222,10.0,6,parity/reh 0.2,1.0,2.9009903104970887,0.0,0,2.8066585124163463,4.831929054584261,5.0178906627422135,9,213,0.10599415204678363,llama3.1:8b,0.6665030014243934,300,False,0.0,0.0,67,0,museum,0,0.0,33,0.49763435185010646,625,223.0,469.0,18.000000000000004
0.9855555555555555,10.0,4,parity/reh 0.2,1.0,1.7731796910027458,0.0,30,3.861485159563604,3.100091285759998,4.224719560216916,351,228,0.05190989226248776,llama3.1:8b,0.9867225848214972,300,False,0.0,0.0,652,0,museum,1,0.0,194,1204.6473081949446,543,358.0,599.0,115.2
0.7422222222222222,10.0,4,parity/reh 0.2,1.0,2.029894658228293,0.0,20,3.518659688269399,3.1119467896762307,4.879066002241613,231,230,0.0813088745661874,llama3.1:8b,0.822241762833049,300,False,0.0,0.0,405,0,museum,2,0.0,53,297.1636438511299,571,291.0,565.0,35.400000000000006
0.6222222222222222,10.0,2,parity/reh 0.2,1.0,2.9296072407481,0.0,46,3.7282495948616288,1.865726093821627,3.723828454154885,161,222,0.07752341311134235,llama3.1:8b,0.6850460229610003,300,False,0.0,0.0,323,0,museum,3,0.0,56,83.3046093724272,563,273.0,nan,49.8
0.84,10.0,1,parity/reh 0.2,1.0,1.561274207893998,0.0,25,3.0783882940824445,2.141287049967561,3.1601668881867453,182,228,0.08320493066255778,llama3.1:8b,0.928397501010008,300,False,0.0,0.0,473,0,museum,4,0.0,202,601.2595499766452,566,360.0,582.0,63.69999999999999
0.7555555555555555,10.0,4,parity/reh 0.2,1.0,1.7293414488169447,0.0,8,4.159864892244715,3.679354880781123,6.159542722097104,261,218,0.08025291828793775,llama3.1:8b,0.8365463758833357,300,False,0.0,0.0,422,0,museum,5,0.0,43,303.55794959279297,557,283.0,525.0,39.30000000000001
0.9888888888888889,10.0,3,parity/reh 0.2,1.0,2.1940461296809297,0.0,25,4.102097588520989,3.7729987883874103,4.914832794251961,323,230,0.05592841163310962,llama3.1:8b,0.9838830715522959,300,False,0.0,0.0,629,0,museum,6,0.0,192,1202.6703593346733,561,329.0,577.0,107.4
1.0788888888888888,10.0,1,parity/reh 0.2,1.0,1.8276850660974333,0.0,89,3.5172168716338787,2.638551245374778,2.794440810394802,326,218,0.057483731019522775,llama3.1:8b,0.9821649370256151,300,False,0.0,0.0,719,0,museum,7,0.0,223,1676.4946732780206,535,517.0,nan,163.1
0.9811111111111112,10.0,1,parity/reh 0.2,1.0,1.931783690474549,0.0,33,3.9896920319487945,2.6266999319231368,3.173662391041082,318,231,0.06174039863879436,llama3.1:8b,0.9846920660809781,300,False,0.0,0.0,633,0,museum,8,0.0,194,1180.2482562456212,553,390.0,nan,95.89999999999999
0.6077777777777778,10.0,4,parity/reh 0.2,1.0,2.7235192961873547,0.0,1,3.6428252017246336,6.301730333288742,7.460920609816588,20,219,0.1019085343896291,llama3.1:8b,0.6705470871712572,300,False,0.0,0.0,105,0,museum,9,0.0,38,0.32971662687678976,634,236.0,501.0,11.199999999999996
0.5233333333333333,10.0,6,parity_nocap,1.0,2.7655400044144334,0.0,38,3.3704528085906666,2.0212894562528785,3.3300321837042977,0,216,0.16086760054225033,llama3.1:8b,0.5796444026265979,300,False,0.0,0.0,0,0,museum,0,0.0,23,0.0,599,256.0,nan,77.40000000000002
0.5455555555555556,10.0,2,parity_nocap,1.0,3.5390827397319593,0.0,18,3.571616605741052,3.2097526428267265,4.529581597890702,0,227,0.16189624329159213,llama3.1:8b,0.6020453432863966,300,False,0.0,0.0,0,0,museum,1,0.0,35,0.0,630,232.0,558.0,49.99999999999999
0.5211111111111111,10.0,2,parity_nocap,1.0,2.910322792869931,0.0,42,3.9456762096389824,2.205510897756774,4.0035644327155735,0,229,0.16,llama3.1:8b,0.5784791102821731,300,False,0.0,0.0,0,0,museum,2,0.0,31,0.0,592,262.0,nan,51.4
0.5344444444444445,10.0,2,parity_nocap,1.0,2.6727227795497717,0.0,18,3.6228346738174784,2.6286478641000968,3.909862974804461,0,220,0.15910112359550563,llama3.1:8b,0.5875805490767299,300,False,0.0,0.0,0,0,museum,3,0.0,35,0.0,604,227.0,557.0,6.300000000000001
0.5377777777777778,10.0,1,parity_nocap,1.0,2.439173262151219,0.0,32,3.8611527174808207,2.1065150431326853,3.6030503837271644,0,228,0.17129186602870813,llama3.1:8b,0.5934272987434976,300,False,0.0,0.0,0,0,museum,4,0.0,38,0.0,605,251.0,nan,29.199999999999996
0.5511111111111111,10.0,3,parity_nocap,1.0,2.559910171659321,0.0,18,4.83691565273329,3.3919412187593285,5.774249474968989,0,222,0.1629364368845121,llama3.1:8b,0.6104235525534992,300,False,0.0,0.0,0,0,museum,5,0.0,35,0.0,607,240.0,556.0,34.5
0.5466666666666666,10.0,3,parity_nocap,1.0,3.0875059581040283,0.0,10,4.320960364288372,3.6281757963029655,5.29930960217966,0,227,0.15089514066496162,llama3.1:8b,0.6051130622498911,300,False,0.0,0.0,0,0,museum,6,0.0,37,0.0,628,231.0,532.0,40.5
0.5555555555555556,10.0,0,parity_nocap,1.0,2.540945565599093,0.0,26,3.589228394519783,2.522879650834268,4.11056900560459,0,218,0.16769911504424778,llama3.1:8b,0.6106106834599955,300,False,0.0,0.0,0,0,museum,7,0.0,38,0.0,606,254.0,584.0,58.999999999999986
0.5455555555555556,10.0,3,parity_nocap,1.0,2.594455740449235,0.0,20,3.917782962413122,3.57358075982502,5.538410884484858,0,229,0.15410668924640136,llama3.1:8b,0.6029685424376253,300,False,0.0,0.0,0,0,museum,8,0.0,40,0.0,616,254.0,564.0,30.999999999999996
0.5322222222222223,10.0,2,parity_nocap,1.0,3.5883513613989786,0.0,19,4.697385627262666,3.1974207225800053,5.617920885383911,0,219,0.16612679315131884,llama3.1:8b,0.586659320322441,300,False,0.0,0.0,0,0,museum,9,0.0,37,0.0,602,245.0,562.0,19.6
0.6077777777777778,10.0,5,parity/wait 5 reh,1.0,2.0114213548219846,0.022462095214325826,0,2.6297347997666245,4.396212666054698,4.701576010463412,2,213,0.11078610603290677,llama3.1:8b,0.6722143098054868,300,False,0.0,0.0,61,0,museum,0,0.0,31,0.4492419042865165,627,226.0,476.0,21.6
0.6677777777777778,10.0,0,parity/wait 5 reh,1.0,3.615053670500867,12.7679363091289,0,5.204905669654424,6.249945323848161,7.990992979033676,114,228,0.06293436293436293,llama3.1:8b,0.7367071929238995,300,False,0.0,0.0,719,0,museum,1,0.0,56,68.28167337347082,586,238.0,468.0,23.800000000000008
0.6677777777777778,10.0,6,parity/wait 5 reh,1.0,3.8163759833719224,8.358140336762256,25,4.610232001477397,4.246829554842254,6.137301930248092,113,231,0.07740492170022371,llama3.1:8b,0.7401365749108502,300,False,0.0,0.0,509,0,museum,2,0.0,61,45.53531406241021,584,265.0,582.0,33.20000000000001
0.6255555555555555,10.0,2,parity/wait 5 reh,1.0,2.793877433410591,2.499807113648638,47,4.151058377100749,1.8246104900598792,4.063245869962466,31,225,0.10868434737389496,llama3.1:8b,0.6888170430987439,300,False,0.0,0.0,278,0,museum,3,0.0,73,14.820285030916928,584,277.0,nan,48.3
0.6544444444444445,10.0,0,parity/wait 5 reh,1.0,2.9061366449234747,6.9062410074986875,32,3.8141171503204494,3.348395764463187,4.961295358146852,77,228,0.09651110104213866,llama3.1:8b,0.7223139664245537,300,False,0.0,0.0,466,0,museum,4,0.0,59,39.44682363694839,600,268.0,nan,34.800000000000004
0.6666666666666666,10.0,7,parity/wait 5 reh,1.0,2.336503953113734,4.870281465873311,13,4.513844865156872,3.9284664639826867,5.809538775465961,73,223,0.08994032395566923,llama3.1:8b,0.7371359056989119,300,False,0.0,0.0,442,0,museum,5,0.0,76,28.27349240365391,594,238.0,540.0,26.499999999999993
0.6955555555555556,10.0,6,parity/wait 5 reh,1.0,4.012055351676469,15.540639136144755,0,6.20940706384245,8.463341683608256,10.094091573501421,137,230,0.049647887323943665,llama3.1:8b,0.7690836113679365,300,False,0.0,0.0,878,0,museum,6,0.0,42,79.21348314606742,567,249.0,486.0,35.900000000000006
0.6522222222222223,10.0,5,parity/wait 5 reh,1.0,4.048851106048911,12.936045639693575,7,6.691663893133464,6.7807460168177105,9.848432936611935,107,218,0.062146892655367235,llama3.1:8b,0.718163111881133,300,False,0.0,0.0,709,0,museum,7,0.0,54,67.87644648673941,560,247.0,521.0,35.8
0.6744444444444444,10.0,6,parity/wait 5 reh,1.0,3.1768366148558993,11.564927857935627,0,5.618066674878097,5.953758787205947,7.656774229848194,105,231,0.05717574827321566,llama3.1:8b,0.7440000700765328,300,False,0.0,0.0,709,0,museum,8,0.0,66,60.443951165371814,561,232.0,484.0,7.600000000000008
0.6011111111111112,10.0,6,parity/wait 5 reh,1.0,2.7748500937073763,0.0,0,3.4046418364174955,5.838438181656763,6.794811622396717,3,219,0.10491803278688525,llama3.1:8b,0.6631542736068433,300,False,0.0,0.0,67,0,museum,9,0.0,37,0.556266340323747,627,231.0,487.0,13.299999999999994
0.5222222222222223,10.0,3,cascade,1.0,3.4401847467053703,0.0,30,4.458824491158994,2.8824327578711055,4.688752706348058,0,217,0.14762979683972913,llama3.1:8b,0.5783324162832771,300,False,0.0,0.0,0,0,museum,0,0.0,43,0.0,545,239.0,599.0,64.1
0.5333333333333333,10.0,3,cascade,1.0,3.901669494128198,0.0,16,4.205805530299895,3.700360882347757,5.577318600979093,0,228,0.14501108647450112,llama3.1:8b,0.5886473495363801,300,False,0.0,0.0,0,0,museum,1,0.0,52,0.0,549,234.0,551.0,46.400000000000006
0.5433333333333333,10.0,5,cascade,1.0,4.1935224634044745,0.0,23,5.01936330101378,3.612300124941672,5.876038033005531,0,227,0.1534697508896797,llama3.1:8b,0.6027927578255832,300,False,0.0,0.0,0,0,museum,2,0.0,45,0.0,552,245.0,575.0,25.000000000000007
0.5033333333333333,10.0,6,cascade,1.0,2.955149832330402,0.0,30,4.002457146056354,1.90480863883909,3.829419438725836,0,221,0.15288844621513945,llama3.1:8b,0.5531664274144956,300,False,0.0,0.0,0,0,museum,3,0.0,44,0.0,533,236.0,597.0,19.999999999999996
0.5477777777777778,10.0,2,cascade,1.0,4.597996453193408,0.0,32,4.460176803105082,3.7360762491342183,6.457802227661377,0,226,0.15886588658865886,llama3.1:8b,0.6045549524934419,300,False,0.0,0.0,0,0,museum,4,0.0,48,0.0,539,263.0,nan,31.500000000000007
0.5122222222222222,10.0,1,cascade,1.0,3.240984619214622,0.0,40,4.604898118406473,2.0083551429126625,5.0622313161720145,0,222,0.16907216494845362,llama3.1:8b,0.5674565344545731,300,False,0.0,0.0,0,0,museum,5,0.0,41,0.0,532,253.0,nan,65.0
0.5488888888888889,10.0,3,cascade,1.0,4.537474886116393,0.0,10,5.364498414477372,6.617619670533713,8.092111811990122,0,230,0.13524108192865542,llama3.1:8b,0.6076124068788098,300,False,0.0,0.0,0,0,museum,6,0.0,48,0.0,561,236.0,532.0,42.599999999999994
0.5411111111111111,10.0,3,cascade,1.0,2.9602950056214543,0.0,35,3.543720372916465,2.178266923026358,3.647806560780188,0,222,0.15263644773358,llama3.1:8b,0.5946850231810499,300,False,0.0,0.0,0,0,museum,7,0.0,46,0.0,545,247.0,nan,67.19999999999999
0.5411111111111111,10.0,2,cascade,1.0,3.7783300409018667,0.0,25,4.0862257129187585,3.576492165139868,6.027102741265438,0,228,0.14689265536723164,llama3.1:8b,0.5979907431320559,300,False,0.0,0.0,0,0,museum,8,0.0,53,0.0,537,252.0,580.0,33.0
0.5333333333333333,10.0,2,cascade,1.0,4.9171170142841705,0.0,30,5.052215897846359,3.116451647728467,5.6370330904950565,0,221,0.15692742695570217,llama3.1:8b,0.5879640157857728,300,False,0.0,0.0,0,0,museum,9,0.0,46,0.0,550,252.0,597.0,34.0
0.6044444444444445,10.0,7,cascade/reh 0.2,1.0,5.010873733874036,0.0,6,4.627013644533991,7.221163477104322,8.975732612187127,0,218,0.10993577635058557,llama3.1:8b,0.6687249834154823,300,False,0.0,0.0,0,0,museum,0,0.0,45,0.0,567,239.0,519.0,38.900000000000006
0.6066666666666667,10.0,1,cascade/reh 0.2,1.0,4.856825148022153,0.0,12,6.02901266900797,7.420091229716145,10.109754106591087,0,228,0.10968494749124855,llama3.1:8b,0.668331953568591,300,False,0.0,0.0,0,0,museum,1,0.0,44,0.0,557,248.0,538.0,47.49999999999999
0.5888888888888889,10.0,2,cascade/reh 0.2,1.0,3.2296824509283577,0.0,41,4.725881184049642,2.566230403587104,5.257905583358877,0,227,0.1291866028708134,llama3.1:8b,0.653173580465502,300,False,0.0,0.0,0,0,museum,2,0.0,38,0.0,548,262.0,nan,51.2
0.5644444444444444,10.0,5,cascade/reh 0.2,1.0,3.129292572839293,0.0,45,3.8838389067477146,1.812453136475018,4.2023065359628555,0,219,0.12609970674486803,llama3.1:8b,0.6211358564811074,300,False,0.0,0.0,0,0,museum,3,0.0,34,0.0,538,265.0,nan,44.20000000000001
0.6,10.0,1,cascade/reh 0.2,1.0,4.0666722363181345,0.0,27,4.11376241527692,3.7514056617330405,6.375665736474762,0,230,0.1301558203483043,llama3.1:8b,0.6625570760579043,300,False,0.0,0.0,0,0,museum,4,0.0,35,0.0,548,252.0,589.0,23.8
0.5977777777777777,10.0,3,cascade/reh 0.2,1.0,3.94760424449731,0.0,20,4.629744239396964,3.751766056164069,6.338005820408704,0,222,0.11769796624837732,llama3.1:8b,0.6610159629201129,300,False,0.0,0.0,0,0,museum,5,0.0,34,0.0,553,249.0,563.0,38.0
0.6166666666666667,10.0,3,cascade/reh 0.2,1.0,4.533830581938049,0.0,7,5.164579313952629,4.939488555800597,7.306357060104249,0,230,0.11364562118126273,llama3.1:8b,0.6820383563665867,300,False,0.0,0.0,0,0,museum,6,0.0,48,0.0,550,231.0,522.0,37.6
0.5877777777777777,10.0,3,cascade/reh 0.2,1.0,4.062541086772721,0.0,16,4.409074151062062,4.404768451993936,6.67216756118373,0,219,0.12158054711246201,llama3.1:8b,0.6463045628090105,300,False,0.0,0.0,0,0,museum,7,0.0,42,0.0,545,244.0,551.0,44.499999999999986
0.5977777777777777,10.0,5,cascade/reh 0.2,1.0,4.250954227531964,0.0,0,5.752746163565126,7.293104109162587,10.67845001147428,0,230,0.1076375148397309,llama3.1:8b,0.6595804844298335,300,False,0.0,0.0,0,0,museum,8,0.0,48,0.0,559,234.0,494.0,6.200000000000003
0.5866666666666667,10.0,2,cascade/reh 0.2,1.0,3.3774028614538265,0.0,34,4.7969426990184205,3.192051969369214,6.253125587441299,0,220,0.12577417818008577,llama3.1:8b,0.6471739760157006,300,False,0.0,0.0,0,0,museum,9,0.0,38,0.0,543,261.0,nan,44.099999999999994
0.5877777777777777,10.0,7,view_lod,1.0,5.33338365463484,0.0,0,5.065612822895474,10.161110804622437,6.872926558268876,0,218,0.14414727335880514,llama3.1:8b,0.650365432116604,300,False,0.0,0.0,0,0,museum,0,0.0,22,0.0,579,219.0,426.0,8.09999999999999
0.5733333333333334,10.0,2,view_lod,1.0,5.75920922181303,0.0,1,5.999781291389899,10.166109088433998,6.5786337336265,0,219,0.1452372328866353,llama3.1:8b,0.6329005820819293,300,False,0.0,0.0,0,0,museum,1,0.0,28,0.0,590,211.0,384.0,12.499999999999996
0.5388888888888889,10.0,4,view_lod,1.0,5.614153108024232,0.0,19,4.90413114924462,3.579423848392425,3.7678886088859795,0,231,0.1631649530621368,llama3.1:8b,0.5977911521322029,300,False,0.0,0.0,0,0,museum,2,0.0,22,0.0,573,235.0,562.0,19.900000000000006
0.5477777777777778,10.0,2,view_lod,1.0,7.092038609961114,0.0,0,5.639163329424041,4.170132619234212,4.116319863274619,0,222,0.1555839727195226,llama3.1:8b,0.602575882038994,300,False,0.0,0.0,0,0,museum,3,0.0,25,0.0,557,217.0,473.0,29.900000000000002
0.5833333333333334,10.0,4,view_lod,1.0,7.620375249298629,0.0,13,5.749933641712127,4.642736296839452,4.385492869697526,0,226,0.15841584158415842,llama3.1:8b,0.6439918438812149,300,False,0.0,0.0,0,0,museum,4,0.0,32,0.0,564,243.0,540.0,7.0000000000000036
0.5455555555555556,10.0,3,view_lod,1.0,5.732884815888133,0.0,20,6.083370311537996,4.085758317884048,4.662917968213558,0,223,0.16073018699910951,llama3.1:8b,0.604314693155692,300,False,0.0,0.0,0,0,museum,5,0.0,26,0.0,551,242.0,564.0,40.499999999999986
0.6055555555555555,10.0,9,view_lod,1.0,4.778606938731022,0.0,0,5.04674771176031,10.412529270864981,6.542844068713736,0,230,0.14185346269655402,llama3.1:8b,0.6704430847021609,300,False,0.0,0.0,0,0,museum,6,0.0,15,0.0,598,213.0,409.0,8.100000000000005
0.5622222222222222,10.0,2,view_lod,1.0,9.219764541784265,0.0,0,6.135970285711841,6.014171102314427,6.643853903209453,0,217,0.15285599356395815,llama3.1:8b,0.6181023186444267,300,False,0.0,0.0,0,0,museum,7,0.0,26,0.0,560,233.0,481.0,18.999999999999996
0.5844444444444444,10.0,9,view_lod,1.0,5.83919119604348,0.0,0,5.561985837951739,11.572895829672582,9.267713396915427,0,228,0.13852515506547208,llama3.1:8b,0.644615780772098,300,False,0.0,0.0,0,0,museum,8,0.0,34,0.0,581,214.0,368.0,41.8
0.5877777777777777,10.0,9,view_lod,1.0,6.2275530953535245,0.0,0,6.466851673259517,13.139157720255874,9.499063924848446,0,218,0.13914780292942744,llama3.1:8b,0.6483867120345692,300,False,0.0,0.0,0,0,museum,9,0.0,20,0.0,582,228.0,422.0,28.2
0.5522222222222222,10.0,5,round_robin,1.0,3.185220691945637,0.0,9,4.676760993950246,4.474452042997966,6.919799205575765,0,217,0.15730337078651685,llama3.1:8b,0.6121435133210616,300,False,0.0,0.0,0,0,museum,0,0.0,37,0.0,665,236.0,529.0,39.60000000000001
0.5566666666666666,10.0,2,round_robin,1.0,3.7603304341937562,0.0,22,4.813937529345569,3.840145534526734,6.73942528732302,0,227,0.16955170883266754,llama3.1:8b,0.6142592590741374,300,False,0.0,0.0,0,0,museum,1,0.0,34,0.0,636,256.0,571.0,61.300000000000004
0.5411111111111111,10.0,2,round_robin,1.0,2.9503150131272893,0.0,21,4.124591796036494,2.7599396949517345,5.217723679400811,0,228,0.1681374825824431,llama3.1:8b,0.6002453191222351,300,False,0.0,0.0,0,0,museum,2,0.0,34,0.0,636,242.0,568.0,23.300000000000004
0.5311111111111111,10.0,2,round_robin,1.0,2.7051288346729203,0.0,24,3.1727274338405547,2.110318557020342,3.46762779480774,0,220,0.165661252900232,llama3.1:8b,0.5838288603278408,300,False,0.0,0.0,0,0,museum,3,0.0,32,0.0,616,237.0,577.0,12.499999999999998
0.5388888888888889,10.0,1,round_robin,1.0,3.433173057261591,0.0,33,4.393210371077658,3.2600598366392437,5.617140075639338,0,225,0.1688138605064416,llama3.1:8b,0.5946369491601622,300,False,0.0,0.0,0,0,museum,4,0.0,32,0.0,674,262.0,nan,33.5
0.5255555555555556,10.0,1,round_robin,1.0,3.4165738517287165,0.0,31,4.0787185149859395,2.4240374808645972,4.686823751036777,0,222,0.16755966877739892,llama3.1:8b,0.5822896248279398,300,False,0.0,0.0,0,0,museum,5,0.0,37,0.0,625,247.0,nan,54.60000000000001
0.5555555555555556,10.0,2,round_robin,1.0,3.562108862124477,0.0,2,5.537895617931727,5.727591490664167,8.021740008081773,0,232,0.1482758620689655,llama3.1:8b,0.6146362859065994,300,False,0.0,0.0,0,0,museum,6,0.0,37,0.0,665,232.0,506.0,33.8
0.5322222222222223,10.0,2,round_robin,1.0,2.764509368216626,0.0,26,4.234989384444312,3.1335605829279736,4.75698886923613,0,213,0.15598762704374725,llama3.1:8b,0.5844854470710723,300,False,0.0,0.0,0,0,museum,7,0.0,37,0.0,645,251.0,584.0,57.59999999999998
0.5411111111111111,10.0,2,round_robin,1.0,4.084238526416579,0.0,21,5.281136591864789,4.232509221760492,7.00002751475282,0,227,0.15297569153394802,llama3.1:8b,0.5979907431320559,300,False,0.0,0.0,0,0,museum,8,0.0,36,0.0,639,243.0,567.0,28.899999999999995
0.5222222222222223,10.0,2,round_robin,1.0,2.865498910773942,0.0,33,3.9599191480486238,2.3439042236844756,4.353566893464559,0,221,0.16572769953051644,llama3.1:8b,0.5757248486101162,300,False,0.0,0.0,0,0,museum,9,0.0,30,0.0,643,254.0,nan,40.4
0.0,10.0,10,surrogate_only,1.0,11.941080657343644,0.0,0,15.813899010507322,21.3663525700013,27.52897751463122,0,215,0.0,llama3.1:8b,0.0,300,False,0.004138407477032835,0.007766990291262136,0,0,museum,0,0.0,0,0.0,515,166.0,439.0,18.900000000000002
0.0,10.0,11,surrogate_only,1.0,20.157399910620587,0.0,0,18.279861550842316,23.94410370309805,29.322893831780657,0,223,0.0,llama3.1:8b,0.0,300,False,0.008527883120515707,0.015296367112810707,0,0,museum,1,0.0,0,0.0,523,165.0,478.0,27.4
0.0,10.0,16,surrogate_only,1.0,21.445419635785996,0.0,2,20.89473452550046,28.5557578771344,33.11396571475933,0,231,0.0,llama3.1:8b,0.0,300,False,0.007267572520139681,0.02071563088512241,0,0,museum,2,0.0,0,0.0,531,165.0,372.0,65.79999999999998
0.0,10.0,19,surrogate_only,1.0,20.773761646562722,0.0,2,20.142614053288526,26.437481131874105,27.793477916020116,0,221,0.0,llama3.1:8b,0.0,300,False,0.01304616542161552,0.01727447216890595,0,0,museum,3,0.0,0,0.0,521,165.0,427.0,63.10000000000001
0.0,10.0,14,surrogate_only,1.0,15.243291869300336,0.0,1,21.693670181314598,27.96325690008189,34.99691822905542,0,228,0.0,llama3.1:8b,0.0,300,False,0.014538045348789184,0.022727272727272728,0,0,museum,4,0.0,0,0.0,528,165.0,380.0,77.60000000000001
0.0,10.0,12,surrogate_only,1.0,21.47856393765878,0.0,3,22.866498505841466,30.151165097798486,36.61641441668752,0,223,0.0,llama3.1:8b,0.0,300,False,0.012134155553419125,0.019120458891013385,0,0,museum,5,0.0,0,0.0,523,166.0,383.0,45.400000000000006
0.0,10.0,12,surrogate_only,1.0,13.17160293355499,0.0,0,17.773077242522927,21.920165452902136,25.331217445376012,0,230,0.0,llama3.1:8b,0.0,300,False,0.00523051286798741,0.007547169811320755,0,0,museum,6,0.0,0,0.0,530,166.0,449.0,17.5
0.0,10.0,16,surrogate_only,1.0,23.394499450013203,0.0,1,17.53750912940291,27.63180213576905,30.12153953102217,0,212,0.0,llama3.1:8b,0.0,300,False,0.009742990040207079,0.0234375,0,0,museum,7,0.0,0,0.0,512,165.0,454.0,25.099999999999998
0.0,10.0,11,surrogate_only,1.0,17.527646101531346,0.0,2,21.61063556956644,29.022419636851772,35.37084720505083,0,231,0.0,llama3.1:8b,0.0,300,False,0.013127992857722587,0.01694915254237288,0,0,museum,8,0.0,0,0.0,531,165.0,413.0,53.300000000000004
0.0,10.0,17,surrogate_only,1.0,17.623902225269603,0.0,1,20.692613330026916,26.359852971423624,32.140852323754785,0,221,0.0,llama3.1:8b,0.0,300,False,0.01519515675214359,0.026871401151631478,0,0,museum,9,0.0,0,0.0,521,166.0,432.0,50.5
1.73,10.0,1,parity,1.0,1.9739376704738345,0.0,620,2.376552584129385,0.7076144702668407,2.173696678495404,555,758,0.0184037558685446,llama3.1:8b,0.9827626525844163,1000,False,0.0,0.0,1441,0,museum,0,0.0,100,2028.9078440545034,1770,nan,nan,166.43999999999997
1.6711111111111112,10.0,2,parity,1.0,1.8819595785840306,0.0,589,2.3056651064984157,0.6171671199538802,2.157237086868608,590,753,0.017490082942661377,llama3.1:8b,0.9818358041737358,1000,False,0.0,0.0,1386,0,museum,1,0.0,47,1887.3259783279186,1757,nan,nan,157.05000000000004
1.7055555555555555,10.0,2,parity,1.0,1.422975205430241,0.0,628,1.9781496085515362,0.3845394417795574,1.5630613164271483,607,777,0.016925492933170475,llama3.1:8b,0.9852216581506784,1000,False,0.0,0.0,1417,0,museum,2,0.0,44,1951.8187611575584,1784,nan,nan,192.17999999999998
1.7422222222222221,10.0,0,parity,1.0,1.6593238775125287,0.0,667,2.0399710410294865,0.5299892901132913,1.644211769966057,589,770,0.019212833426599515,llama3.1:8b,0.9815888315195076,1000,False,0.0,0.0,1458,0,museum,3,0.0,54,2055.916284209202,1784,nan,nan,220.67999999999998
1.7477777777777779,10.0,5,parity,1.0,1.5761681753513799,0.0,679,1.8561903598538296,0.36066645185611973,1.3533086324036554,586,751,0.020221289584128194,llama3.1:8b,0.9807953538832953,1000,False,0.0,0.0,1450,0,museum,4,0.0,48,2105.6799059276227,1781,nan,nan,197.4
1.691111111111111,10.0,4,parity,1.0,1.526721593941366,0.0,591,2.0875235298487755,0.5408275628052711,1.7980181463482732,561,762,0.019037159070108,llama3.1:8b,0.9809254087500288,1000,False,0.0,0.0,1403,0,museum,5,0.0,68,1903.1736922149846,1778,nan,nan,182.94000000000003
1.6788888888888889,10.0,3,parity,1.0,1.5643659421484415,0.0,609,2.1542650678148876,0.8112775408911068,2.1176758299255285,581,760,0.01876075731497418,llama3.1:8b,0.982665039468977,1000,False,0.0,0.0,1391,0,museum,6,0.0,49,1908.9840192572724,1784,nan,nan,190.68
1.6788888888888889,10.0,4,parity,1.0,1.7110346942952006,0.0,558,2.7319908081271413,0.7102595721876129,2.2130827722748165,584,758,0.015926384710670677,llama3.1:8b,0.9821649370256151,1000,False,0.0,0.0,1397,0,museum,7,0.0,83,1827.6456191589634,1775,nan,nan,170.99999999999997
1.7066666666666668,10.0,5,parity,1.0,1.5485583891468848,0.0,641,1.7677024814743527,0.6692948622649108,1.7996118649274415,546,749,0.01847903340440654,llama3.1:8b,0.9822251015443342,1000,False,0.0,0.0,1417,0,museum,8,0.0,90,2004.0368421126047,1759,nan,nan,214.8
1.698888888888889,10.0,1,parity,1.0,1.8434276949291353,0.0,613,2.2040794837481292,0.45911652156044525,1.5802039476705545,597,765,0.016494471633133948,llama3.1:8b,0.9843317988867704,1000,False,0.0,0.0,1417,0,museum,9,0.0,48,1958.4504612466224,1781,nan,nan,176.34
1.7833333333333334,10.0,4,parity/reh 0.2,1.0,1.9026292156326208,0.0,547,2.134501061677559,0.8841624636012055,2.1048519877707026,546,752,0.013175450300200134,llama3.1:8b,0.9852879222599829,1000,False,0.0,0.0,1372,0,museum,0,0.0,84,1786.5351966489973,1764,nan,nan,136.76999999999998
1.8244444444444445,10.0,2,parity/reh 0.2,1.0,1.4918644916309758,0.0,598,2.2266144787187034,0.7130665126175524,1.8769169341501988,533,746,0.013746981237228312,llama3.1:8b,0.9806242039881827,1000,False,0.0,0.0,1408,0,museum,1,0.0,92,1948.184461510984,1757,nan,nan,162.99
1.8266666666666667,10.0,1,parity/reh 0.2,1.0,1.5294806358700015,0.0,622,2.023021385012594,0.6288507098797654,1.7110218131387116,551,767,0.015673409877893202,llama3.1:8b,0.9839420836129122,1000,False,0.0,0.0,1410,0,museum,2,0.0,52,1965.662429181612,1790,nan,nan,190.98
1.4755555555555555,10.0,2,parity/reh 0.2,1.0,1.6246362718874967,0.0,396,2.0238643947746824,0.647162599998632,1.887811646100516,530,752,0.016399224122729678,llama3.1:8b,0.9803985495750547,1000,False,0.0,0.0,1095,0,museum,3,0.0,57,1231.592601743673,1774,425.0,nan,165.06
1.6355555555555557,10.0,3,parity/reh 0.2,1.0,1.7230107123124219,0.0,465,2.8230298711941533,0.5159136348361879,2.0267276509112397,445,751,0.020518559970154823,llama3.1:8b,0.9807953538832953,1000,False,0.0,0.0,1224,0,museum,4,0.0,156,1588.5755623132877,1791,388.0,nan,132.39000000000001
1.511111111111111,10.0,3,parity/reh 0.2,1.0,1.4765066818762445,0.0,305,2.6740797913381065,0.5441958181368353,2.0621454907023193,535,758,0.018209408194233688,llama3.1:8b,0.9809254087500288,1000,False,0.0,0.0,1117,0,museum,5,0.0,87,1068.3910123417788,1780,392.0,nan,139.10999999999999
1.7533333333333334,10.0,3,parity/reh 0.2,1.0,1.549904529316934,0.0,581,1.898818419918046,0.8282825748248962,2.1583721443575463,589,758,0.014861995753715499,llama3.1:8b,0.9838830715522959,1000,False,0.0,0.0,1344,0,museum,6,0.0,32,1779.174365269074,1780,nan,nan,184.26
1.8777777777777778,10.0,2,parity/reh 0.2,1.0,1.7059660644120245,0.0,652,2.018553895330975,0.7382698196952173,1.6550879330276493,609,767,0.0133406432748538,llama3.1:8b,0.9808404946645088,1000,False,0.0,0.0,1463,0,museum,7,0.0,44,2067.49228335923,1781,nan,nan,203.7
1.7377777777777779,10.0,6,parity/reh 0.2,1.0,1.455516059693027,0.0,567,2.083918495122077,1.0858771633341848,2.435850949747332,595,755,0.012738853503184714,llama3.1:8b,0.9834460251087633,1000,False,0.0,0.0,1332,0,museum,8,0.0,40,1723.0034225373502,1756,nan,nan,183.57000000000002
1.76,10.0,6,parity/reh 0.2,1.0,1.5431977137376445,0.0,554,2.428065664284894,1.3747919969840836,3.0227381636690347,548,763,0.013472549680026945,llama3.1:8b,0.9830371902756613,1000,False,0.0,0.0,1347,0,museum,9,0.0,76,1804.7486544005376,1778,nan,nan,151.01999999999998
0.5866666666666667,10.0,13,parity_nocap,1.0,3.471201171722761,0.0,152,4.245998370573273,2.8764610353654003,4.970178953928957,0,758,0.05274757566852777,llama3.1:8b,0.6491445085521749,1000,False,0.0,0.0,0,0,museum,0,0.0,28,0.0,1877,282.0,nan,62.400000000000006
0.62,10.0,13,parity_nocap,1.0,4.180367508759199,0.0,120,5.212983164597976,4.097420543850042,6.671140941399178,0,753,0.04970099667774086,llama3.1:8b,0.683581629958547,1000,False,0.0,0.0,0,0,museum,1,0.0,41,0.0,1879,273.0,nan,51.56999999999999
0.5844444444444444,10.0,12,parity_nocap,1.0,4.209117782667685,0.0,110,5.0899867352612995,4.106310499750653,6.465637060788784,0,777,0.045055664702030124,llama3.1:8b,0.6483447969488204,1000,False,0.0,0.0,0,0,museum,2,0.0,33,0.0,1893,263.0,nan,62.51999999999999
0.5966666666666667,10.0,18,parity_nocap,1.0,4.118968099926239,0.0,128,4.864768933764695,3.52299426991606,5.706460775390806,0,770,0.05174322080796901,llama3.1:8b,0.6569325798121928,1000,False,0.0,0.0,0,0,museum,3,0.0,34,0.0,1905,270.0,nan,79.05
0.5955555555555555,10.0,6,parity_nocap,1.0,4.340920567028914,0.0,113,4.575746081364847,3.5310125023585175,5.6775789510908465,0,751,0.05116841257050766,llama3.1:8b,0.657750279760124,1000,False,0.0,0.0,0,0,museum,4,0.0,37,0.0,1891,265.0,nan,45.39000000000001
0.6055555555555555,10.0,10,parity_nocap,1.0,4.161456875224169,0.0,103,4.74728689385322,3.331287734069401,5.6493208300264826,0,762,0.053854717506262174,llama3.1:8b,0.6694610803723077,1000,False,0.0,0.0,0,0,museum,5,0.0,37,0.0,1887,260.0,nan,61.68
0.5888888888888889,10.0,10,parity_nocap,1.0,4.440680783873514,0.0,111,4.9987768470909355,3.9434949410155458,6.1087190053823,0,760,0.047850663862232155,llama3.1:8b,0.6517499857221588,1000,False,0.0,0.0,0,0,museum,6,0.0,29,0.0,1907,266.0,nan,70.56
0.6033333333333334,10.0,7,parity_nocap,1.0,2.747498497129901,0.0,154,3.852979815057714,2.2672738497292046,4.083083907731982,0,759,0.057733211789729566,llama3.1:8b,0.6637271921600849,1000,False,0.0,0.0,0,0,museum,7,0.0,36,0.0,1874,282.0,nan,80.85000000000001
0.5955555555555555,10.0,16,parity_nocap,1.0,4.162651384648391,0.0,120,5.198340756066544,3.7162010093842173,6.030828084277181,0,749,0.04936454849498328,llama3.1:8b,0.6571442653553742,1000,False,0.0,0.0,0,0,museum,8,0.0,31,0.0,1874,266.0,nan,81.96000000000001
0.5966666666666667,10.0,11,parity_nocap,1.0,4.576893588752128,0.0,107,5.301086571019719,3.8192400991406608,6.233128986597116,0,765,0.04906321606685537,llama3.1:8b,0.6582063611535058,1000,False,0.0,0.0,0,0,museum,9,0.0,44,0.0,1904,262.0,nan,50.579999999999984
1.0044444444444445,10.0,16,parity/wait 5 reh,1.0,5.364159146022596,13.63045503656992,6,5.584535155485442,6.581971120172388,7.623887060003825,123,752,0.012928611579539067,llama3.1:8b,0.9817959674921843,1000,False,0.0,0.0,2007,0,museum,0,0.0,28,68.66776881635445,1777,212.0,508.0,12.450000000000003
1.0222222222222221,10.0,18,parity/wait 5 reh,1.0,16.5074130187607,19.138163293746032,78,11.300546661703368,15.430842133813794,16.304624995138774,86,746,0.011629392971246006,llama3.1:8b,0.9806242039881827,1000,False,0.008321763381144332,0.018633540372670808,2576,0,museum,1,0.0,46,96.27301302200269,1771,253.0,580.0,37.470000000000006
1.1155555555555556,10.0,32,parity/wait 5 reh,1.0,21.051239373618987,19.12900229578872,83,12.267012339395214,17.73651359813902,17.45004674713945,123,767,0.011185120020108082,llama3.1:8b,0.9839420836129122,1000,False,0.009787770981931617,0.01953125,2575,0,museum,2,0.0,40,96.42102311561312,1792,233.0,583.0,44.54999999999999
1.011111111111111,10.0,26,parity/wait 5 reh,1.0,15.177730213554094,16.71236370592361,35,9.682420071513297,15.130120712973593,15.794033160988246,79,762,0.011895625479662318,llama3.1:8b,0.9791439556394794,1000,False,0.005586374489007914,0.014005602240896359,2313,0,museum,3,0.0,42,84.49276286424791,1785,237.0,545.0,46.71000000000001
0.9955555555555555,10.0,15,parity/wait 5 reh,1.0,16.575451855530467,14.212891109216814,105,8.96769131237762,12.217133413544866,12.882833779604821,80,751,0.015016611295681064,llama3.1:8b,0.9807953538832953,1000,False,0.005967036960309186,0.011142061281337047,1969,0,museum,4,0.0,31,71.41290061843907,1795,264.0,nan,47.10000000000001
0.9688888888888889,10.0,20,parity/wait 5 reh,1.0,16.906920963073937,13.645658222834891,113,8.184968366449082,11.04183088800255,12.18573111537309,71,758,0.013779527559055118,llama3.1:8b,0.9809254087500288,1000,False,0.005685690926181205,0.013445378151260505,1938,0,museum,5,0.0,43,68.63215364453639,1785,262.0,nan,66.42
1.0922222222222222,10.0,27,parity/wait 5 reh,1.0,19.341716430251644,21.916933131627257,65,13.478217178028768,19.159789347174687,17.9521702479941,106,758,0.011792733770101252,llama3.1:8b,0.9838830715522959,1000,False,0.012367367138991165,0.02411665731912507,2817,0,museum,6,0.0,45,110.17223405860943,1783,236.0,572.0,51.66
1.0944444444444446,10.0,19,parity/wait 5 reh,1.0,19.83236140658083,19.56924674425648,86,12.097393587064099,16.064077734585847,16.130569457251003,100,767,0.011019989748846746,llama3.1:8b,0.9808404946645088,1000,False,0.009101371522519794,0.01899441340782123,2622,0,museum,7,0.0,53,98.51287154415263,1790,246.0,589.0,56.04
1.0611111111111111,10.0,27,parity/wait 5 reh,1.0,13.30195759063382,25.336428893953347,11,14.319587214918005,21.44686252774116,20.726878027579428,78,755,0.011480558864940973,llama3.1:8b,0.9806678562665668,1000,False,0.010605732001720809,0.031513787281935844,3456,0,museum,8,0.0,50,127.41171074759211,1777,246.0,519.0,53.07000000000001
1.0044444444444445,10.0,19,parity/wait 5 reh,1.0,5.761810803495155,12.176021494806514,31,6.542957076923851,7.016517301342048,9.104718949869406,99,763,0.013407049067035246,llama3.1:8b,0.9805840422667421,1000,False,0.0,0.0,1887,0,museum,9,0.0,45,61.37815786886858,1792,218.0,531.0,19.440000000000005
0.5855555555555556,10.0,17,cascade,1.0,5.443489911863721,0.0,120,5.510453511635786,4.060910570630471,6.454239274938852,0,740,0.04682779456193353,llama3.1:8b,0.6478933837832948,1000,False,0.0,0.0,0,0,museum,0,0.0,50,0.0,1785,265.0,nan,44.33999999999999
0.6177777777777778,10.0,15,cascade,1.0,6.355294924158276,0.0,81,6.216608080999542,5.216523493827514,8.44104811137206,0,740,0.04618421052631579,llama3.1:8b,0.6810973932452099,1000,False,0.0,0.0,0,0,museum,1,0.0,51,0.0,1778,257.0,580.0,30.48
0.5944444444444444,10.0,6,cascade,1.0,5.760969530013524,0.0,93,4.990963425428936,4.672797602963272,6.87657759685746,0,762,0.04572372951384107,llama3.1:8b,0.659701750927747,1000,False,0.0,0.0,0,0,museum,2,0.0,56,0.0,1789,256.0,592.0,51.839999999999996
0.5855555555555556,10.0,13,cascade,1.0,5.6229972971337965,0.0,94,5.144228630229888,4.28354264929718,6.75356508302697,0,770,0.04690714579618708,llama3.1:8b,0.6446787560644185,1000,False,0.0,0.0,0,0,museum,3,0.0,51,0.0,1801,254.0,593.0,61.59000000000001
0.5966666666666667,10.0,5,cascade,1.0,5.185072687544256,0.0,114,5.484259731705086,4.757456601440146,7.645207241585691,0,742,0.04754788751528325,llama3.1:8b,0.659045602862348,1000,False,0.0,0.0,0,0,museum,4,0.0,47,0.0,1763,266.0,nan,46.38000000000001
0.5955555555555555,10.0,15,cascade,1.0,4.667000846023788,0.0,127,4.806690231449819,4.102274101443496,6.878512830650574,0,761,0.050380364575857615,llama3.1:8b,0.6588560335689949,1000,False,0.0,0.0,0,0,museum,5,0.0,52,0.0,1777,269.0,nan,73.05000000000001
0.6133333333333333,10.0,11,cascade,1.0,6.353271213171745,0.0,116,5.882648916476538,4.591559844139236,6.764737457001411,0,751,0.04740200546946217,llama3.1:8b,0.6782839664143587,1000,False,0.0,0.0,0,0,museum,6,0.0,40,0.0,1780,265.0,nan,69.78
0.5988888888888889,10.0,8,cascade,1.0,5.6247706484882745,0.0,139,5.229948514303025,4.071059759876539,6.9212274694700415,0,760,0.05137378362907842,llama3.1:8b,0.6587092284567512,1000,False,0.0,0.0,0,0,museum,7,0.0,48,0.0,1793,275.0,nan,77.99999999999999
0.6422222222222222,10.0,20,cascade,1.0,5.923648442106427,0.0,26,6.683935378713268,8.595708318626635,11.139884707213994,0,749,0.04586830594632935,llama3.1:8b,0.7089560207709049,1000,False,0.0,0.0,0,0,museum,8,0.0,47,0.0,1785,252.0,526.0,47.28000000000001
0.5644444444444444,10.0,16,cascade,1.0,5.086705756219846,0.0,135,5.332860766066939,2.958618851205959,5.883232645320393,0,760,0.04665140240412135,llama3.1:8b,0.6229475211101494,1000,False,0.0,0.0,0,0,museum,9,0.0,47,0.0,1791,265.0,nan,58.01999999999999
0.6355555555555555,10.0,15,cascade/reh 0.2,1.0,4.801238343843142,0.0,130,4.625267245186828,4.120557600773297,6.946554750279424,0,747,0.03880764904386952,llama3.1:8b,0.7033054108700081,1000,False,0.0,0.0,0,0,museum,0,0.0,39,0.0,1784,267.0,nan,49.83
0.6311111111111111,10.0,7,cascade/reh 0.2,1.0,4.93221805192187,0.0,118,4.785607340132545,4.277034349313289,7.334021670792483,0,735,0.03807358999857934,llama3.1:8b,0.696101943476242,1000,False,0.0,0.0,0,0,museum,1,0.0,42,0.0,1765,267.0,nan,45.6
0.6455555555555555,10.0,8,cascade/reh 0.2,1.0,4.972010135578851,0.0,121,4.540881840602008,4.320559941398108,6.839950162460883,0,771,0.03790489317711923,llama3.1:8b,0.7158559945420712,1000,False,0.0,0.0,0,0,museum,2,0.0,36,0.0,1806,266.0,nan,62.79
0.6644444444444444,10.0,19,cascade/reh 0.2,1.0,5.290177857427172,0.0,105,5.117910587499426,4.89436107824426,7.626323355852074,0,769,0.038080126933756446,llama3.1:8b,0.7312630275441269,1000,False,0.0,0.0,0,0,museum,3,0.0,42,0.0,1808,261.0,nan,68.21999999999998
0.6511111111111111,10.0,6,cascade/reh 0.2,1.0,5.1683010300842085,0.0,148,5.2408713638239455,3.7789057322420794,6.764525121425149,0,744,0.03888111888111888,llama3.1:8b,0.7185980796190172,1000,False,0.0,0.0,0,0,museum,4,0.0,45,0.0,1774,278.0,nan,59.52
0.6511111111111111,10.0,14,cascade/reh 0.2,1.0,4.844834063749365,0.0,128,5.094709617942493,4.592499915285637,7.694023117334936,0,760,0.03944444444444444,llama3.1:8b,0.7198552681045193,1000,False,0.0,0.0,0,0,museum,5,0.0,37,0.0,1801,271.0,nan,74.82000000000001
0.6577777777777778,10.0,12,cascade/reh 0.2,1.0,3.6607381184830206,0.0,102,4.310248713605624,3.9293168806668284,6.072926267651885,0,759,0.037630932367774476,llama3.1:8b,0.727665490716657,1000,False,0.0,0.0,0,0,museum,6,0.0,30,0.0,1788,253.0,nan,62.489999999999995
0.6333333333333333,10.0,7,cascade/reh 0.2,1.0,4.8653186640679476,0.0,134,5.4273002862817945,4.491155497946127,7.761581895997605,0,754,0.0387735459920253,llama3.1:8b,0.697215092064483,1000,False,0.0,0.0,0,0,museum,7,0.0,39,0.0,1792,272.0,nan,75.77999999999999
0.6455555555555555,10.0,15,cascade/reh 0.2,1.0,5.243642341831665,0.0,118,6.1905496158204105,5.207977303600922,8.67105388066247,0,758,0.036895187029235284,llama3.1:8b,0.7125726702142209,1000,False,0.0,0.0,0,0,museum,8,0.0,44,0.0,1810,267.0,nan,84.11999999999999
0.6388888888888888,10.0,16,cascade/reh 0.2,1.0,4.646920445950379,0.0,140,4.649619259756228,3.9013081998949612,6.790985622144443,0,757,0.03842336594357011,llama3.1:8b,0.7048851465223965,1000,False,0.0,0.0,0,0,museum,9,0.0,48,0.0,1785,271.0,nan,63.3
0.5833333333333334,10.0,19,view_lod,1.0,9.882177464938064,0.0,36,6.775660881792008,6.008566231638911,6.742866683339562,0,756,0.04827762837751313,llama3.1:8b,0.6457705243399444,1000,False,0.0,0.0,0,0,museum,0,0.0,21,0.0,1865,241.0,535.0,11.129999999999999
0.6111111111111112,10.0,13,view_lod,1.0,8.27824436121101,0.0,0,7.074151703495129,7.045500165697092,7.478872994456931,0,747,0.049664107485604604,llama3.1:8b,0.6732997419019294,1000,False,0.0,0.0,0,0,museum,1,0.0,19,0.0,1856,245.0,499.0,13.920000000000005
0.62,10.0,13,view_lod,1.0,9.15862041853168,0.0,44,6.486605818085233,5.783538826159943,6.655000604598408,0,769,0.05203648978542978,llama3.1:8b,0.6875225256543167,1000,False,0.0,0.0,0,0,museum,2,0.0,20,0.0,1887,249.0,543.0,35.45999999999999
0.61,10.0,21,view_lod,1.0,8.045322869153402,0.0,15,6.298831749980907,6.143089951256929,6.609070595874163,0,771,0.05014070094653364,llama3.1:8b,0.6714952564321316,1000,False,0.0,0.0,0,0,museum,3,0.0,19,0.0,1883,245.0,514.0,33.480000000000004
0.6066666666666667,10.0,8,view_lod,1.0,9.245176821271524,0.0,51,6.397085686100956,5.633988897744484,6.490462910884959,0,749,0.049794661190965095,llama3.1:8b,0.6698760843001461,1000,False,0.0,0.0,0,0,museum,4,0.0,25,0.0,1864,251.0,551.0,20.610000000000003
0.5888888888888889,10.0,16,view_lod,1.0,9.043415227274622,0.0,63,5.359125131888097,4.786325071782627,5.561703644132265,0,763,0.05000685025345938,llama3.1:8b,0.6517505166712282,1000,False,0.0,0.0,0,0,museum,5,0.0,29,0.0,1853,251.0,562.0,47.03999999999999
0.5922222222222222,10.0,23,view_lod,1.0,8.490835837938667,0.0,0,6.957904237460162,7.339514564248791,7.032914843922371,0,765,0.0477447216890595,llama3.1:8b,0.6554418625277079,1000,False,0.0,0.0,0,0,museum,6,0.0,20,0.0,1874,242.0,495.0,24.93
0.5944444444444444,10.0,8,view_lod,1.0,8.818837255757057,0.0,72,5.540877876107871,4.524463903989605,5.537607374272299,0,770,0.052299245024021966,llama3.1:8b,0.653680942715663,1000,False,0.0,0.0,0,0,museum,7,0.0,19,0.0,1878,257.0,571.0,52.68000000000001
0.6044444444444445,10.0,17,view_lod,1.0,9.9917982050159,0.0,19,6.504090220432961,6.296531123274164,7.104264080797078,0,755,0.04945598417408507,llama3.1:8b,0.6671646183642507,1000,False,0.0,0.0,0,0,museum,8,0.0,19,0.0,1870,249.0,518.0,42.75000000000001
0.5755555555555556,10.0,13,view_lod,1.0,8.108203661881346,0.0,83,5.108421278705339,3.8308531128820373,4.865399899811927,0,760,0.05144740613356263,llama3.1:8b,0.6346213337012321,1000,False,0.0,0.0,0,0,museum,9,0.0,22,0.0,1861,257.0,582.0,40.19999999999998
0.5844444444444444,10.0,13,round_robin,1.0,3.718416551345761,0.0,118,5.017966581918568,3.579181155204982,6.0240471240544915,0,747,0.05173110602182406,llama3.1:8b,0.6467931119321858,1000,False,0.0,0.0,0,0,museum,0,0.0,32,0.0,1921,268.0,nan,44.93999999999999
0.6111111111111112,10.0,9,round_robin,1.0,3.9010346281398856,0.0,102,4.908500731717787,3.735045614135265,6.2438556125563505,0,751,0.055806319244973326,llama3.1:8b,0.6732997419019294,1000,False,0.0,0.0,0,0,museum,1,0.0,28,0.0,1955,260.0,nan,38.040000000000006
0.5766666666666667,10.0,8,round_robin,1.0,3.964180653249372,0.0,129,3.980908780579763,3.4585323459821757,5.738620974442038,0,774,0.05587892898719441,llama3.1:8b,0.6398910888488495,1000,False,0.0,0.0,0,0,museum,2,0.0,29,0.0,1961,270.0,nan,71.19
0.5766666666666667,10.0,12,round_robin,1.0,4.790452244952074,0.0,99,4.388628869572543,3.5676361211111938,5.639991351113426,0,768,0.053061224489795916,llama3.1:8b,0.6348485582866124,1000,False,0.0,0.0,0,0,museum,3,0.0,30,0.0,1953,263.0,598.0,67.17
0.5844444444444444,10.0,5,round_robin,1.0,4.551234007299313,0.0,146,4.571066148156632,2.9033798193989435,5.130438573000475,0,747,0.052262855541544063,llama3.1:8b,0.6452705817512145,1000,False,0.0,0.0,0,0,museum,4,0.0,47,0.0,1935,276.0,nan,58.23000000000001
0.6044444444444445,10.0,12,round_robin,1.0,3.5870345066232483,0.0,117,4.820784270020747,3.249661685177625,5.6753390705739895,0,769,0.05691511676688575,llama3.1:8b,0.6682856567156462,1000,False,0.0,0.0,0,0,museum,5,0.0,39,0.0,1956,260.0,nan,67.11
0.6044444444444445,10.0,11,round_robin,1.0,4.126426208409826,0.0,98,5.077882431055734,4.140701074879305,6.306837753172341,0,761,0.050518134715025906,llama3.1:8b,0.6690545720165958,1000,False,0.0,0.0,0,0,museum,6,0.0,39,0.0,1955,259.0,597.0,61.17
0.5966666666666667,10.0,8,round_robin,1.0,4.072127101504004,0.0,156,3.980928194165223,3.0904615337935226,5.47344771218309,0,756,0.055488721804511275,llama3.1:8b,0.6561311712345277,1000,False,0.0,0.0,0,0,museum,7,0.0,37,0.0,1927,285.0,nan,86.49000000000001
0.5888888888888889,10.0,16,round_robin,1.0,4.141147381459732,0.0,100,4.89603456207187,4.202314528596512,6.886318021438484,0,752,0.05113711055606678,llama3.1:8b,0.6495985510043425,1000,False,0.0,0.0,0,0,museum,8,0.0,35,0.0,1917,262.0,599.0,73.28999999999999
0.5766666666666667,10.0,16,round_robin,1.0,4.08228209213995,0.0,139,4.242538936171828,2.884067811158345,5.208357306172754,0,761,0.053971928809144844,llama3.1:8b,0.6359316610156869,1000,False,0.0,0.0,0,0,museum,9,0.0,27,0.0,1928,268.0,nan,62.099999999999994
0.0,10.0,46,surrogate_only,1.0,20.173248214377672,0.0,2,20.26519555034602,27.61804501830789,31.811395346925742,0,752,0.0,llama3.1:8b,0.0,1000,False,0.008600924486590023,0.014269406392694063,0,0,museum,0,0.0,0,0.0,1752,166.0,395.0,60.36
0.0,10.0,62,surrogate_only,1.0,19.978615925284252,0.0,2,18.6697902817177,24.847671150199943,29.24800375346049,0,743,0.0,llama3.1:8b,0.0,1000,False,0.010229939556695978,0.01491681009753299,0,0,museum,1,0.0,0,0.0,1743,166.0,443.0,46.34999999999999
0.0,10.0,36,surrogate_only,1.0,20.929188895144918,0.0,7,18.556505110399506,24.312742574644357,27.069899783976346,0,777,0.0,llama3.1:8b,0.0,1000,False,0.013021772403458583,0.015756893640967922,0,0,museum,2,0.0,0,0.0,1777,166.0,435.0,31.23000000000001
0.0,10.0,54,surrogate_only,1.0,17.726004568878196,0.0,3,18.747133387105496,25.149267768468285,29.062780780888424,0,768,0.0,llama3.1:8b,0.0,1000,False,0.006202753655958005,0.00904977375565611,0,0,museum,3,0.0,0,0.0,1768,166.0,408.0,30.179999999999993
0.0,10.0,42,surrogate_only,1.0,22.942770753825375,0.0,5,18.04287919072829,25.269405286592693,28.93952015828312,0,749,0.0,llama3.1:8b,0.0,1000,False,0.009985692142601645,0.017152658662092625,0,0,museum,4,0.0,0,0.0,1749,166.0,444.0,45.21
0.0,10.0,58,surrogate_only,1.0,25.611089262847315,0.0,7,19.087096269760124,27.401924714261707,33.066454686915584,0,764,0.0,llama3.1:8b,0.0,1000,False,0.011957655328085489,0.017573696145124718,0,0,museum,5,0.0,0,0.0,1764,166.0,402.0,35.58
0.0,10.0,46,surrogate_only,1.0,22.11863950653992,0.0,10,20.132697268871212,28.282774200837864,30.543953077810276,0,756,0.0,llama3.1:8b,0.0,1000,False,0.009402571364731601,0.017084282460136675,0,0,museum,6,0.0,0,0.0,1756,166.0,424.0,25.92
0.0,10.0,38,surrogate_only,1.0,26.670354591766646,0.0,6,19.392860279809558,26.64092859850546,29.64559845612218,0,768,0.0,llama3.1:8b,0.0,1000,False,0.012813246220174213,0.01809954751131222,0,0,museum,7,0.0,0,0.0,1768,166.0,397.0,37.349999999999994
0.0,10.0,49,surrogate_only,1.0,22.966262355451352,0.0,6,19.863131770657557,28.327076267685012,33.14845702014277,0,754,0.0,llama3.1:8b,0.0,1000,False,0.01042755003789974,0.014823261117445839,0,0,museum,8,0.0,0,0.0,1754,166.0,396.0,26.16
0.0,10.0,40,surrogate_only,1.0,19.626587624839484,0.0,1,17.914771958492857,21.301060851803093,27.60311649460725,0,765,0.0,llama3.1:8b,0.0,1000,False,0.007582132998337216,0.0113314447592068,0,0,museum,9,0.0,0,0.0,1765,166.0,413.0,47.46000000000001
2.7666666666666666,10.0,4,parity,1.0,1.9823486812732645,0.0,1264,2.0592541908579,0.701227827469488,1.9084234126264623,577,1504,0.00883957118675945,llama3.1:8b,0.9852879222599829,2000,False,0.0,0.0,2380,0,museum,0,0.0,76,2021.2001814939483,3528,nan,nan,199.785
2.7044444444444444,10.0,6,parity,1.0,1.5189924203230623,0.0,1176,2.1889839477897772,0.8505150555970392,2.2884911337763802,580,1527,0.008020924149956409,llama3.1:8b,0.9842837533870867,2000,False,0.0,0.0,2329,0,museum,1,0.0,67,1853.4392360340337,3540,nan,nan,191.61000000000004
2.8088888888888888,10.0,8,parity,1.0,1.5224969026291841,0.0,1293,2.1049161821848847,0.7076350098407143,1.8716541916828828,580,1551,0.008882521489971347,llama3.1:8b,0.987457492734021,2000,False,0.0,0.0,2424,0,museum,2,0.0,87,2054.3167104258064,3562,nan,nan,211.2
2.772222222222222,10.0,6,parity,1.0,1.9724015362428906,0.0,1204,2.138935146695942,0.9344289136176488,2.2722102631131564,603,1521,0.008072053700399354,llama3.1:8b,0.9815888315195076,2000,False,0.0,0.0,2390,0,museum,3,0.0,62,1903.438522460812,3548,nan,nan,179.64
2.758888888888889,10.0,4,parity,1.0,1.9958305994635765,0.0,1241,2.251097222597003,0.7981264955016453,2.1250185842448843,550,1488,0.008394739296707397,llama3.1:8b,0.9844483597166254,2000,False,0.0,0.0,2371,0,museum,4,0.0,103,1992.398154977114,3504,nan,nan,183.255
2.8,10.0,7,parity,1.0,1.6654549669641705,0.0,1269,2.082934496778256,0.91074221998103,2.162913834970545,565,1531,0.007469244288224956,llama3.1:8b,0.9857196864822375,2000,False,0.0,0.0,2419,0,museum,5,0.0,102,1982.4456394865852,3538,nan,nan,207.88499999999996
2.738888888888889,10.0,6,parity,1.0,1.9566957780498062,0.0,1224,2.217067016422128,0.7640900599993097,2.1170271699719923,553,1522,0.009351037965214139,llama3.1:8b,0.9852443719689553,2000,False,0.0,0.0,2352,0,museum,6,0.0,87,1983.794178934594,3556,nan,nan,195.315
2.7022222222222223,10.0,10,parity,1.0,1.4235763773496568,0.0,1229,2.0621383124504318,0.5301990689174922,1.56659451046136,520,1518,0.008793494704992435,llama3.1:8b,0.9821649370256151,2000,False,0.0,0.0,2316,0,museum,7,0.0,102,1983.7114126097367,3528,nan,nan,199.35
2.8455555555555554,10.0,3,parity,1.0,1.6992471258812845,0.0,1390,1.902962424041312,0.3424299931251219,1.210100985213339,630,1510,0.008086498273668908,llama3.1:8b,0.9846920660809781,2000,False,0.0,0.0,2463,0,museum,8,0.0,64,2136.6581235400986,3543,nan,nan,219.795
2.707777777777778,10.0,6,parity,1.0,1.4634349615472109,0.0,1233,2.045572021744779,0.670530500538039,1.9558235240982378,600,1536,0.008319312020938493,llama3.1:8b,0.9867347586556571,2000,False,0.0,0.0,2333,0,museum,9,0.0,66,1966.6338791872,3537,nan,nan,177.78
2.933333333333333,10.0,10,parity/reh 0.2,1.0,1.3256549080604556,0.0,1299,1.8658846579623523,0.675800916483228,1.641114039595974,584,1492,0.007483370288248337,llama3.1:8b,0.9852879222599829,2000,False,0.0,0.0,2414,0,museum,0,0.0,58,2041.4096108313604,3506,nan,nan,208.41000000000003
3.0122222222222224,10.0,5,parity/reh 0.2,1.0,1.567969238466521,0.0,1365,2.1599759271501466,0.6713129749775072,1.7959158643303952,596,1519,0.005934718100890208,llama3.1:8b,0.9842837533870867,2000,False,0.0,0.0,2489,0,museum,1,0.0,93,2164.3161893988763,3535,nan,nan,226.90499999999997
2.9955555555555557,10.0,9,parity/reh 0.2,1.0,1.5382456206635733,0.0,1265,2.048061229887391,1.0675916691683345,2.4208099447020373,593,1555,0.005667729365922777,llama3.1:8b,0.987457492734021,2000,False,0.0,0.0,2474,0,museum,2,0.0,111,2002.5285602270048,3559,nan,nan,203.78999999999996
2.9444444444444446,10.0,1,parity/reh 0.2,1.0,1.595998935600302,0.0,1226,2.075658152516992,0.4237875845863675,1.3222273052446902,613,1527,0.00581805359661495,llama3.1:8b,0.9840256304550632,2000,False,0.0,0.0,2428,0,museum,3,0.0,73,1954.649460453565,3527,nan,nan,185.145
2.8566666666666665,10.0,6,parity/reh 0.2,1.0,1.806389889632265,0.0,1220,1.9647411745904515,0.7800598761153928,1.9115141474277324,597,1491,0.006886331938633194,llama3.1:8b,0.9844483597166254,2000,False,0.0,0.0,2341,0,museum,4,0.0,57,1945.2473984759374,3512,nan,nan,177.94500000000002
2.8855555555555554,10.0,11,parity/reh 0.2,1.0,1.5958233633815853,0.0,1164,2.3687465184307386,0.8916886934709163,2.0810936535042677,563,1543,0.005511744255066565,llama3.1:8b,0.9846739825466971,2000,False,0.0,0.0,2373,0,museum,5,0.0,102,1879.5121084815555,3547,nan,nan,184.04999999999998
2.9477777777777776,10.0,8,parity/reh 0.2,1.0,1.5504577891444233,0.0,1325,2.0749421815070646,0.6652322554242142,1.5882064891919354,575,1535,0.006291602078964165,llama3.1:8b,0.9838830715522959,2000,False,0.0,0.0,2428,0,museum,6,0.0,77,2068.770469780163,3556,nan,nan,218.03999999999996
2.7455555555555557,10.0,11,parity/reh 0.2,1.0,1.5780138970421311,0.0,1057,2.426026214128785,1.5091727015601,3.3215002468134203,550,1532,0.005933739904400857,llama3.1:8b,0.9821649370256151,2000,False,0.0,0.0,2238,0,museum,7,0.0,102,1733.3678691124003,3548,nan,nan,161.28
2.8544444444444443,10.0,9,parity/reh 0.2,1.0,1.367333102975643,0.0,1226,2.087371426706646,0.752942711623259,1.7592856407396216,622,1525,0.00595909164116605,llama3.1:8b,0.9846920660809781,2000,False,0.0,0.0,2344,0,museum,8,0.0,54,1890.7508514435724,3537,nan,nan,180.825
2.772222222222222,10.0,10,parity/reh 0.2,1.0,1.3221949448759371,0.0,1110,2.098520157951462,0.9886965900472304,2.2735595261504553,576,1540,0.006359165677463117,llama3.1:8b,0.9855328972667727,2000,False,0.0,0.0,2266,0,museum,9,0.0,72,1780.076160388964,3547,nan,nan,150.09
0.6255555555555555,10.0,28,parity_nocap,1.0,4.944703211640373,0.0,230,4.9416095898218115,3.3645765492308017,5.791436642410444,0,1504,0.02740211003327905,llama3.1:8b,0.6918942672577234,2000,False,0.0,0.0,0,0,museum,0,0.0,42,0.0,3657,265.0,nan,69.67500000000001
0.6166666666666667,10.0,17,parity_nocap,1.0,4.584470775301113,0.0,198,5.2068473844634395,4.20843638767012,6.864867151565344,0,1527,0.025607217210270646,llama3.1:8b,0.6794815688007899,2000,False,0.0,0.0,0,0,museum,1,0.0,39,0.0,3679,266.0,598.0,71.22000000000001
0.6255555555555555,10.0,21,parity_nocap,1.0,4.156855319049245,0.0,300,4.213671203023968,3.204567178087261,5.548838599323327,0,1551,0.02874074074074074,llama3.1:8b,0.6936765261631809,2000,False,0.0,0.0,0,0,museum,2,0.0,29,0.0,3682,276.0,nan,88.87500000000001
0.6511111111111111,10.0,17,parity_nocap,1.0,4.27682719723692,0.0,236,4.754289327891593,4.01898415049359,6.383962482004814,0,1521,0.026922812091165736,llama3.1:8b,0.7168099587486035,2000,False,0.0,0.0,0,0,museum,3,0.0,38,0.0,3675,267.0,nan,65.145
0.6111111111111112,10.0,24,parity_nocap,1.0,4.231044416880308,0.0,256,4.345805103912865,3.088043734917408,5.117430362513112,0,1488,0.026108518086347725,llama3.1:8b,0.6749593032345487,2000,False,0.0,0.0,0,0,museum,4,0.0,41,0.0,3626,270.0,nan,62.430000000000014
0.6377777777777778,10.0,28,parity_nocap,1.0,4.613378931784016,0.0,163,4.78064057482984,4.69214774450479,7.010272576062481,0,1512,0.025482417804074498,llama3.1:8b,0.7051606338022652,2000,False,0.0,0.0,0,0,museum,5,0.0,38,0.0,3658,259.0,581.0,63.855
0.6166666666666667,10.0,19,parity_nocap,1.0,5.537710685703077,0.0,247,4.8792921208445446,3.2596414061681154,5.572323435606403,0,1522,0.026915993766822497,llama3.1:8b,0.6820383563665867,2000,False,0.0,0.0,0,0,museum,6,0.0,37,0.0,3676,269.0,nan,77.895
0.6433333333333333,10.0,25,parity_nocap,1.0,4.464458747661215,0.0,256,5.010311655150246,3.742545117012187,6.222298753290867,0,1518,0.02639729691679572,llama3.1:8b,0.7082588366956204,2000,False,0.0,0.0,0,0,museum,7,0.0,43,0.0,3646,270.0,nan,82.42499999999998
0.6477777777777778,10.0,25,parity_nocap,1.0,4.71243734814637,0.0,216,5.684094971486975,4.731451053197643,7.174618004054699,0,1510,0.025560738705348585,llama3.1:8b,0.7149558982231085,2000,False,0.0,0.0,0,0,museum,8,0.0,36,0.0,3695,267.0,nan,60.94499999999999
0.6322222222222222,10.0,22,parity_nocap,1.0,4.583055403822573,0.0,239,4.707456013383242,3.839093881967855,6.319281986445419,0,1536,0.02667327012876751,llama3.1:8b,0.697209402356853,2000,False,0.0,0.0,0,0,museum,9,0.0,38,0.0,3668,268.0,nan,54.495
1.35,10.0,72,parity/wait 5 reh,1.0,20.973717755533396,22.151283103547637,156,12.886624360206575,17.44002515063917,15.926217848705654,91,1492,0.005657618714639883,llama3.1:8b,0.9817959674921843,2000,False,0.011612982091559195,0.02079179720877243,6221,0,museum,0,0.0,52,111.45738559466328,3511,239.0,581.0,55.30500000000001
1.41,10.0,44,parity/wait 5 reh,1.0,20.982479404148037,17.58186415726934,161,10.096757819636355,13.878206363780722,14.613241478397276,145,1519,0.005437336376451635,llama3.1:8b,0.983076174220413,2000,False,0.004454191994252428,0.009875846501128669,4904,0,museum,1,0.0,44,88.65418072450396,3544,231.0,580.0,55.305
1.4155555555555555,10.0,54,parity/wait 5 reh,1.0,20.024687729880746,19.226065590324136,186,10.26319372306797,15.576017774824278,14.874099591958634,144,1555,0.004772489539748954,llama3.1:8b,0.987457492734021,2000,False,0.007883991828611424,0.01570827489481066,5552,0,museum,2,0.0,51,97.04689054844448,3565,246.0,593.0,63.945
1.4344444444444444,10.0,54,parity/wait 5 reh,1.0,20.966979500088282,21.392244344982657,134,12.905092665779371,17.394025895861017,17.370022462980657,152,1527,0.005104645227156712,llama3.1:8b,0.9828293935561669,2000,False,0.007798923259162582,0.01667608818541549,6098,0,museum,3,0.0,52,107.53257531156682,3538,225.0,567.0,43.01999999999999
1.4255555555555555,10.0,42,parity/wait 5 reh,1.0,7.992789394277507,16.301172873420445,7,7.4006640406268875,8.881003606236728,9.850647113794333,160,1491,0.006049447659126775,llama3.1:8b,0.9844483597166254,2000,False,0.0,0.0,4534,0,museum,4,0.0,39,82.05279124764111,3521,195.0,480.0,10.575000000000005
1.3,10.0,39,parity/wait 5 reh,1.0,19.428201275554304,17.31992612353786,140,9.50802231703697,14.217001291092037,12.381605229725663,84,1543,0.005496612552729132,llama3.1:8b,0.9821541157411411,2000,False,0.008090981002944886,0.017410839651783208,4915,0,museum,5,0.0,44,87.13949707177699,3561,233.0,574.0,56.04
1.4011111111111112,10.0,52,parity/wait 5 reh,1.0,21.066371349164466,19.244320252703197,178,11.42792275200983,14.797732840140247,14.815922717297482,127,1535,0.005452067242162653,llama3.1:8b,0.9838830715522959,2000,False,0.007316610567699406,0.014025245441795231,5528,0,museum,6,0.0,55,96.7785412054271,3565,237.0,589.0,58.54500000000001
1.3255555555555556,10.0,31,parity/wait 5 reh,1.0,9.714650967573537,15.06972965654195,7,6.320827313855211,8.5362787088564,9.816237817040738,119,1531,0.00563997080485701,llama3.1:8b,0.9821649370256151,2000,False,0.0,0.0,4197,0,museum,7,0.0,45,75.94439680462156,3556,206.0,491.0,23.13
1.4322222222222223,10.0,85,parity/wait 5 reh,1.0,20.63903994242092,21.94233941701527,72,13.533028360676079,21.051235344590452,19.233710382635174,137,1525,0.004795602081993099,llama3.1:8b,0.9822251015443342,2000,False,0.010615284676491496,0.01805869074492099,6097,0,museum,8,0.0,53,110.67501930338433,3544,219.0,543.0,26.71500000000001
1.39,10.0,47,parity/wait 5 reh,1.0,20.723446012930083,17.509514338068314,184,11.05711498646031,15.962579227904994,15.300062732001084,123,1540,0.006091305462939216,llama3.1:8b,0.9830371902756613,2000,False,0.008535496703262282,0.015432098765432098,5039,0,museum,9,0.0,37,88.21161767239354,3564,242.0,592.0,36.300000000000004
0.6622222222222223,10.0,52,cascade,1.0,6.442229083466089,0.0,126,6.346898834212657,6.480452477856358,8.423478100436473,0,1461,0.022301626416954164,llama3.1:8b,0.7329466944833984,2000,False,0.0,0.0,0,0,museum,0,0.0,55,0.0,3490,253.0,562.0,48.915
0.6488888888888888,10.0,18,cascade,1.0,5.579042850118928,0.0,209,5.639760003123187,5.112487980159189,8.251839003048035,0,1504,0.023575093606989322,llama3.1:8b,0.7145138627372863,2000,False,0.0,0.0,0,0,museum,1,0.0,51,0.0,3549,265.0,nan,71.64
0.6255555555555555,10.0,21,cascade,1.0,5.305998755325054,0.0,292,4.91442374234692,3.8391999830039185,6.633725836172609,0,1542,0.025667127172253328,llama3.1:8b,0.6936765261631809,2000,False,0.0,0.0,0,0,museum,2,0.0,54,0.0,3588,273.0,nan,86.775
0.65,10.0,25,cascade,1.0,5.281298496605917,0.0,226,6.003257669948637,4.894273785054521,7.97563430600294,0,1518,0.02569979856914635,llama3.1:8b,0.7156766546275078,2000,False,0.0,0.0,0,0,museum,3,0.0,61,0.0,3573,266.0,nan,64.185
0.6477777777777778,10.0,27,cascade,1.0,5.343297579030863,0.0,215,5.30296252741068,5.055672190348124,7.89176126580663,0,1493,0.0236944236399537,llama3.1:8b,0.7149291791568005,2000,False,0.0,0.0,0,0,museum,4,0.0,51,0.0,3529,266.0,nan,57.374999999999986
0.6522222222222223,10.0,19,cascade,1.0,5.0163987371766,0.0,216,4.175322373469528,3.4661067665362015,5.515950052181352,0,1525,0.024889018266501712,llama3.1:8b,0.7211198858356026,2000,False,0.0,0.0,0,0,museum,5,0.0,55,0.0,3562,256.0,nan,67.485
0.6455555555555555,10.0,14,cascade,1.0,4.646475011297948,0.0,268,5.31805970560316,3.658177285949885,6.47909705380496,0,1507,0.024946695095948827,llama3.1:8b,0.7140447672922811,2000,False,0.0,0.0,0,0,museum,6,0.0,59,0.0,3547,272.0,nan,80.07000000000001
0.65,10.0,23,cascade,1.0,5.006137014084819,0.0,228,5.71451404575202,4.661642253158073,7.747286996056832,0,1513,0.024975984630163303,llama3.1:8b,0.7156503891033612,2000,False,0.0,0.0,0,0,museum,7,0.0,54,0.0,3528,266.0,nan,76.275
0.6566666666666666,10.0,31,cascade,1.0,5.969399039164431,0.0,218,6.218773100044522,4.92670470717603,7.988310772006659,0,1521,0.023917691074291824,llama3.1:8b,0.7247399369742359,2000,False,0.0,0.0,0,0,museum,8,0.0,55,0.0,3565,266.0,nan,59.505
0.6355555555555555,10.0,20,cascade,1.0,5.53065124415028,0.0,277,5.344666842591649,4.100846893472665,6.840426495906357,0,1503,0.025921454442156096,llama3.1:8b,0.7012071911524335,2000,False,0.0,0.0,0,0,museum,9,0.0,48,0.0,3544,272.0,nan,60.21
0.6822222222222222,10.0,35,cascade/reh 0.2,1.0,5.3111966492259235,0.0,224,5.473999170778161,5.13210936257236,8.195648970894524,0,1475,0.019821871023906784,llama3.1:8b,0.7550437069389349,2000,False,0.0,0.0,0,0,museum,0,0.0,41,0.0,3517,268.0,nan,70.92000000000002
0.6566666666666666,10.0,15,cascade/reh 0.2,1.0,4.600990528609934,0.0,219,4.630022725682477,3.698024497465349,6.416314344980293,0,1516,0.018095034551542353,llama3.1:8b,0.7246278229250391,2000,False,0.0,0.0,0,0,museum,1,0.0,33,0.0,3547,260.0,nan,68.28
0.6844444444444444,10.0,24,cascade/reh 0.2,1.0,5.807183634323241,0.0,307,4.642798748346423,4.406560739494379,7.299375801520741,0,1536,0.01896748431260696,llama3.1:8b,0.7585040339363817,2000,False,0.0,0.0,0,0,museum,2,0.0,40,0.0,3564,290.0,nan,92.985
0.6822222222222222,10.0,25,cascade/reh 0.2,1.0,6.513818192444465,0.0,243,5.301226413303481,5.40635125224062,8.379948991149634,0,1523,0.019790688313430834,llama3.1:8b,0.7511939212006594,2000,False,0.0,0.0,0,0,museum,3,0.0,49,0.0,3571,273.0,nan,69.57
0.6688888888888889,10.0,25,cascade/reh 0.2,1.0,5.312492671070726,0.0,242,4.417667989601854,4.120123544136494,6.790661055270272,0,1497,0.018202262984046664,llama3.1:8b,0.7383355899422895,2000,False,0.0,0.0,0,0,museum,4,0.0,55,0.0,3524,266.0,nan,58.620000000000005
0.7011111111111111,10.0,29,cascade/reh 0.2,1.0,5.854951285818128,0.0,228,5.298868622268878,4.6185496001484365,7.432024750802681,0,1513,0.019558912794226748,llama3.1:8b,0.7752751582421802,2000,False,0.0,0.0,0,0,museum,5,0.0,38,0.0,3537,269.0,nan,75.195
0.6888888888888889,10.0,29,cascade/reh 0.2,1.0,5.249654847879198,0.0,231,4.802938653170996,4.3860908232283125,6.927185254285782,0,1504,0.018902720147533424,llama3.1:8b,0.7611656689157502,2000,False,0.0,0.0,0,0,museum,6,0.0,42,0.0,3540,266.0,nan,74.505
0.7022222222222222,10.0,19,cascade/reh 0.2,1.0,5.656928840062008,0.0,292,5.510415276275705,4.327217580834683,7.471284124255768,0,1535,0.021051909757937325,llama3.1:8b,0.7737262511434124,2000,False,0.0,0.0,0,0,museum,7,0.0,46,0.0,3580,282.0,nan,90.30000000000001
0.7211111111111111,10.0,28,cascade/reh 0.2,1.0,5.317039011787328,0.0,248,5.7085813340322815,5.279536033919083,8.443299636575043,0,1515,0.020887899423782084,llama3.1:8b,0.7950273990987464,2000,False,0.0,0.0,0,0,museum,8,0.0,46,0.0,3558,275.0,nan,68.91
0.68,10.0,18,cascade/reh 0.2,1.0,5.663715093246793,0.0,297,5.178114160392235,4.5195584743395685,7.559027137242735,0,1522,0.019168891627301978,llama3.1:8b,0.7506016370792834,2000,False,0.0,0.0,0,0,museum,9,0.0,46,0.0,3547,279.0,nan,66.75
0.6666666666666666,10.0,60,view_lod,1.0,11.756244460117422,0.0,1,7.45675026326118,15.778080095635216,10.944115439716077,0,1468,0.022537519848383956,llama3.1:8b,0.7378436004100756,2000,False,0.00010469011725293132,0.0005518763796909492,0,0,museum,0,0.0,16,0.0,3624,202.0,363.0,23.130000000000003
0.6188888888888889,10.0,28,view_lod,1.0,8.653085242868418,0.0,130,5.818118719256449,5.243910373230985,6.50971338208134,0,1529,0.027057799209697943,llama3.1:8b,0.6823243473196635,2000,False,0.0,0.0,0,0,museum,1,0.0,20,0.0,3655,257.0,564.0,59.175000000000004
0.6222222222222222,10.0,38,view_lod,1.0,8.135495469724416,0.0,67,6.234691693975893,5.9281940599088125,7.138557604617601,0,1545,0.02630361509483841,llama3.1:8b,0.6899597962098455,2000,False,0.0,0.0,0,0,museum,2,0.0,24,0.0,3680,250.0,533.0,42.615000000000016
0.6277777777777778,10.0,30,view_lod,1.0,9.753024590748348,0.0,74,6.556393205076383,6.020826328602021,7.280602711722998,0,1523,0.02638453500522466,llama3.1:8b,0.6913565959687306,2000,False,0.0,0.0,0,0,museum,3,0.0,24,0.0,3663,255.0,536.0,35.21999999999999
0.64,10.0,37,view_lod,1.0,9.896863129505437,0.0,0,7.789707585220254,8.329375984028674,8.903698391889998,0,1495,0.025331724969843185,llama3.1:8b,0.7064845258701179,2000,False,0.0,0.0,0,0,museum,4,0.0,27,0.0,3636,248.0,492.0,14.054999999999998
0.6322222222222222,10.0,27,view_lod,1.0,9.598970268530241,0.0,74,6.269199881194271,6.095685206984522,7.069193741721331,0,1532,0.02679738562091503,llama3.1:8b,0.6992243406533574,2000,False,0.0,0.0,0,0,museum,5,0.0,19,0.0,3668,254.0,536.0,46.85999999999999
0.6177777777777778,10.0,24,view_lod,1.0,9.118626087194228,0.0,149,5.981750308347545,4.765185097849556,5.9433253406745585,0,1523,0.026545030523355512,llama3.1:8b,0.6832842919221407,2000,False,0.0,0.0,0,0,museum,6,0.0,22,0.0,3651,260.0,574.0,57.374999999999986
0.61,10.0,19,view_lod,1.0,10.404892454744871,0.0,104,6.93558551670959,5.9469165899453325,6.972903663196029,0,1534,0.024197152525059055,llama3.1:8b,0.671395638871149,2000,False,2.628772617302406e-05,0.0002725538293813028,0,0,museum,7,0.0,24,0.0,3669,260.0,551.0,55.88999999999999
0.6388888888888888,10.0,32,view_lod,1.0,9.51656927605228,0.0,0,7.514994322975038,8.746568670602077,8.815138446077825,0,1517,0.023178999826157502,llama3.1:8b,0.7052233594286695,2000,False,0.0,0.0,0,0,museum,8,0.0,20,0.0,3667,237.0,469.0,15.824999999999992
0.61,10.0,23,view_lod,1.0,9.815860729106337,0.0,146,6.195811560938199,5.030826948115625,6.499694410337064,0,1528,0.02602130241337468,llama3.1:8b,0.6727902682367777,2000,False,0.0,0.0,0,0,museum,9,0.0,21,0.0,3651,256.0,572.0,34.305
0.6322222222222222,10.0,33,round_robin,1.0,4.1022136432779295,0.0,240,4.750456362484676,3.6317294592562264,5.9250264885542006,0,1471,0.028871391076115485,llama3.1:8b,0.6994167929533028,2000,False,0.0,0.0,0,0,museum,0,0.0,28,0.0,3664,268.0,nan,73.79999999999998
0.6311111111111111,10.0,20,round_robin,1.0,4.304820723715282,0.0,245,4.206064247074863,3.4002436021518947,5.758162936650935,0,1523,0.02999117906498089,llama3.1:8b,0.696101943476242,2000,False,0.0,0.0,0,0,museum,1,0.0,37,0.0,3733,267.0,nan,78.94499999999998
0.59,10.0,20,round_robin,1.0,3.9783841310440384,0.0,267,4.163587631178883,2.828275198154383,5.0918117354255115,0,1545,0.027986348122866895,llama3.1:8b,0.6545527354655011,2000,False,0.0,0.0,0,0,museum,2,0.0,36,0.0,3747,269.0,nan,79.80000000000001
0.62,10.0,24,round_robin,1.0,4.152192847994281,0.0,254,4.656499165210272,3.889384370096265,6.311801916949692,0,1513,0.028289146350131494,llama3.1:8b,0.6826854133321063,2000,False,0.0,0.0,0,0,museum,3,0.0,33,0.0,3702,271.0,nan,69.85499999999999
0.6288888888888889,10.0,25,round_robin,1.0,4.135547108218153,0.0,264,3.8736506255954923,3.1561116632710573,5.273717767753083,0,1504,0.030576070901033973,llama3.1:8b,0.6944383103156967,2000,False,0.0,0.0,0,0,museum,4,0.0,33,0.0,3701,271.0,nan,65.76
0.6255555555555555,10.0,23,round_robin,1.0,3.963890029260276,0.0,138,4.334507654858571,4.32570237928873,6.588742231636921,0,1527,0.027476648257994136,llama3.1:8b,0.6917337560244292,2000,False,0.0,0.0,0,0,museum,5,0.0,33,0.0,3769,253.0,568.0,55.96499999999999
0.6222222222222222,10.0,23,round_robin,1.0,4.285084086514378,0.0,217,5.294567864803858,3.6086115747026097,6.198829994568836,0,1514,0.026933408737452282,llama3.1:8b,0.6880763634032661,2000,False,0.0,0.0,0,0,museum,6,0.0,42,0.0,3709,262.0,nan,69.10500000000002
0.6411111111111111,10.0,30,round_robin,1.0,4.508269384984132,0.0,202,5.691934940937943,4.550924262325923,7.411118795454029,0,1534,0.029253891572732154,llama3.1:8b,0.7057185957689459,2000,False,0.0,0.0,0,0,museum,7,0.0,34,0.0,3756,260.0,nan,70.035
0.6311111111111111,10.0,26,round_robin,1.0,5.622587819923647,0.0,204,5.604335482990961,4.41739507609121,7.046730151119221,0,1512,0.026866459832332167,llama3.1:8b,0.6961671259564012,2000,False,0.0,0.0,0,0,museum,8,0.0,31,0.0,3742,265.0,nan,57.69
0.6033333333333334,10.0,21,round_robin,1.0,3.9873982627284095,0.0,290,4.059430734281289,2.9811327687539517,5.374340146131961,0,1527,0.02938489646772229,llama3.1:8b,0.665617918560165,2000,False,0.0,0.0,0,0,museum,9,0.0,29,0.0,3714,271.0,nan,61.920000000000016
0.0,10.0,128,surrogate_only,1.0,25.630941583147393,0.0,18,19.084263018884297,30.257924555775222,32.20564622975028,0,1482,0.0,llama3.1:8b,0.0,2000,False,0.014119496083102085,0.0215393452039058,0,0,museum,0,0.0,0,0.0,3482,166.0,457.0,18.49500000000001
0.0,10.0,74,surrogate_only,1.0,24.47539018807377,0.0,14,18.85274661148066,23.898152324097243,29.22372987972525,0,1520,0.0,llama3.1:8b,0.0,2000,False,0.0097319361325418,0.014772727272727272,0,0,museum,1,0.0,0,0.0,3520,166.0,436.0,18.314999999999994
0.0,10.0,84,surrogate_only,1.0,24.660680139378393,0.0,10,19.93207822984622,26.257789425325537,32.180906093843795,0,1536,0.0,llama3.1:8b,0.0,2000,False,0.01015764286384536,0.016402714932126698,0,0,museum,2,0.0,0,0.0,3536,166.0,402.0,28.72500000000001
0.0,10.0,81,surrogate_only,1.0,26.386380325634487,0.0,8,17.107925868190843,20.55286617110869,25.36924497293998,0,1524,0.0,llama3.1:8b,0.0,2000,False,0.006495604712184563,0.011066969353007945,0,0,museum,3,0.0,0,0.0,3524,166.0,479.0,20.625000000000004
0.0,10.0,94,surrogate_only,1.0,24.617822188754936,0.0,11,19.314152102904355,26.699328519998957,29.92624347427759,0,1493,0.0,llama3.1:8b,0.0,2000,False,0.01124068891775298,0.017463498425422275,0,0,museum,4,0.0,0,0.0,3493,166.0,436.0,32.970000000000006
0.0,10.0,80,surrogate_only,1.0,25.771298301702043,0.0,6,19.377857866192482,25.635195069014383,30.165579039844005,0,1541,0.0,llama3.1:8b,0.0,2000,False,0.008935655568880745,0.016661959898333804,0,0,museum,5,0.0,0,0.0,3541,166.0,415.0,24.10500000000001
0.0,10.0,80,surrogate_only,1.0,24.687393019826153,0.0,12,17.12023264612056,21.794112211051814,26.159717979526032,0,1526,0.0,llama3.1:8b,0.0,2000,False,0.00866473277860758,0.013329551900170164,0,0,museum,6,0.0,0,0.0,3526,166.0,447.0,19.724999999999998
0.0,10.0,70,surrogate_only,1.0,23.168537490954325,0.0,9,18.269230495792762,23.608579318157584,29.572387523184624,0,1518,0.0,llama3.1:8b,0.0,2000,False,0.006761961227835046,0.011654349061967027,0,0,museum,7,0.0,0,0.0,3518,166.0,444.0,19.095
0.0,10.0,114,surrogate_only,1.0,23.881245712441192,0.0,11,19.294222215116598,27.08022926123244,29.671294077333375,0,1525,0.0,llama3.1:8b,0.0,2000,False,0.008447234822313677,0.015035460992907802,0,0,museum,8,0.0,0,0.0,3525,166.0,435.0,31.71000000000001
0.0,10.0,74,surrogate_only,1.0,23.439556072819325,0.0,9,17.718061704407507,23.915956450858285,27.71630487252873,0,1513,0.0,llama3.1:8b,0.0,2000,False,0.008399018478641895,0.01309422146313692,0,0,museum,9,0.0,0,0.0,3513,166.0,434.0,40.545
