calls_per_s,condition,dmax,forced_per_agent_h,kl_per_agent_h,kl_steady_per_agent_h,kl_view_per_agent_h,llm_frac,n,overflow_frac,param,scenario,seed,stall_per_agent_h,value,w1,worst_over_cap
1.5572222222222223,parity,2.830372530962264,0.0,0.9118272555905892,0.7713827477683717,1.052402942117384,0.1063238359972203,1000,0.0,cap,station,0,1017.65,3.0,,0.9434575103207546
1.5416666666666667,parity,2.7014071024904474,0.0,0.9115500285355966,0.7484362068295499,1.1794133129531652,0.13343694493783304,1000,0.0,cap,station,1,754.676,3.0,,0.9004690341634825
1.835,parity,2.454748997728287,0.0,1.2779650136794796,0.7089845254551489,2.218843650398361,0.0175054704595186,1000,0.0,cap,station,2,1942.988,3.0,,0.818249665909429
1.5522222222222222,parity,1.9974769517096098,0.0,0.7674308772674826,0.4868044707273718,1.3342850267581752,0.13723309608540926,1000,0.0,cap,station,3,805.39,3.0,,0.66582565056987
1.5377777777777777,parity,2.840113317618009,0.0,0.7719472432426274,0.6509002405643146,0.9596607496349646,0.14138576779026218,1000,0.0,cap,station,4,845.134,3.0,,0.946704439206003
1.355,parity_nocap,9.415848744951854,0.0,2.881465803597883,0.8253805087738035,7.372162272357168,0.16487228203504328,1000,0.04790419161676647,cap,station,0,0.0,3.0,,3.1386162483172844
1.355,parity_nocap,9.597808684394355,0.0,2.7797315975787296,0.9661495600269492,6.5903355318820935,0.16048186098033787,1000,0.03587009209888512,cap,station,1,0.0,3.0,,3.199269561464785
1.355,parity_nocap,9.51526338967714,0.0,2.531001568435882,0.8317052640625805,6.122955316087595,0.16353737698052628,1000,0.036567528035104824,cap,station,2,0.0,3.0,,3.1717544632257133
1.355,parity_nocap,9.52421118420099,0.0,2.614658542328904,0.9474580926932018,6.185817156881744,0.15636314871932414,1000,0.033964095099466275,cap,station,3,0.0,3.0,,3.17473706140033
1.355,parity_nocap,9.683844652546332,0.0,2.672212233850215,0.9509693206322486,6.4165790112018,0.16479875942764502,1000,0.04512372634643377,cap,station,4,0.0,3.0,,3.227948217515444
1.355,cascade,11.655357974955551,0.0,4.440941106759861,1.1619800320618159,12.361348558665025,0.18686006825938567,1000,0.12991880074953155,cap,station,0,0.0,3.0,,3.8851193249851836
1.355,cascade,12.599741136091371,0.0,3.937227711161132,1.0987171797874664,10.444704488038475,0.18807410867196014,1000,0.1087216248506571,cap,station,1,0.0,3.0,,4.199913712030457
1.355,cascade,12.476825843622935,0.0,3.398273077350326,1.3234168911676403,7.954668139096557,0.17103301384451544,1000,0.07620709714950552,cap,station,2,0.0,3.0,,4.158941947874312
1.355,cascade,11.582162208635827,0.0,3.6443649800090654,1.4088880350546906,8.883726887380556,0.17105263157894737,1000,0.08126137052759248,cap,station,3,0.0,3.0,,3.8607207362119422
1.355,cascade,11.378338010667418,0.0,4.207869380131229,1.530488782899439,10.919804352615543,0.18902439024390244,1000,0.13056379821958458,cap,station,4,0.0,3.0,,3.7927793368891396
1.5027777777777778,parity,3.9581266503990933,0.0,1.3562123500403838,1.2259623814376985,1.1336892265560736,0.13420008814455708,1000,0.0,cap,station,0,896.342,5.0,,0.7916253300798186
1.4722222222222223,parity,4.858668281705203,0.0,1.050054810359561,0.8735751949292212,1.1672859437877194,0.15584415584415584,1000,0.0,cap,station,1,692.426,5.0,,0.9717336563410406
1.7622222222222221,parity,4.694968839716596,0.0,1.7034876426265955,1.06434895894255,2.975611033838402,0.013435950952256718,1000,0.0,cap,station,2,1640.97,5.0,,0.9389937679433192
1.5083333333333333,parity,3.2374059683879817,0.0,0.8935140714406044,0.6381043037351178,1.2813271439621434,0.16930379746835442,1000,0.0,cap,station,3,679.734,5.0,,0.6474811936775964
1.4955555555555555,parity,3.258705126616238,0.0,0.9083897189112247,0.7600911165048524,1.008301635299475,0.14907623699299213,1000,0.0,cap,station,4,783.416,5.0,,0.6517410253232476
1.355,parity_nocap,9.415848744951854,0.0,2.881465803597883,0.8253805087738035,7.372162272357168,0.16487228203504328,1000,0.033932135728542916,cap,station,0,0.0,5.0,,1.8831697489903707
1.355,parity_nocap,9.597808684394355,0.0,2.7797315975787296,0.9661495600269492,6.5903355318820935,0.16048186098033787,1000,0.02666020358700921,cap,station,1,0.0,5.0,,1.919561736878871
1.355,parity_nocap,9.51526338967714,0.0,2.531001568435882,0.8317052640625805,6.122955316087595,0.16353737698052628,1000,0.025353486104339348,cap,station,2,0.0,5.0,,1.903052677935428
1.355,parity_nocap,9.52421118420099,0.0,2.614658542328904,0.9474580926932018,6.185817156881744,0.15636314871932414,1000,0.025715672003881612,cap,station,3,0.0,5.0,,1.904842236840198
1.355,parity_nocap,9.683844652546332,0.0,2.672212233850215,0.9509693206322486,6.4165790112018,0.16479875942764502,1000,0.021834061135371178,cap,station,4,0.0,5.0,,1.9367689305092664
1.355,cascade,11.655357974955551,0.0,4.440941106759861,1.1619800320618159,12.361348558665025,0.18686006825938567,1000,0.09181761399125546,cap,station,0,0.0,5.0,,2.3310715949911103
1.355,cascade,12.599741136091371,0.0,3.937227711161132,1.0987171797874664,10.444704488038475,0.18807410867196014,1000,0.05854241338112306,cap,station,1,0.0,5.0,,2.5199482272182743
1.355,cascade,12.476825843622935,0.0,3.398273077350326,1.3234168911676403,7.954668139096557,0.17103301384451544,1000,0.038976148923792905,cap,station,2,0.0,5.0,,2.495365168724587
1.355,cascade,11.582162208635827,0.0,3.6443649800090654,1.4088880350546906,8.883726887380556,0.17105263157894737,1000,0.05154639175257732,cap,station,3,0.0,5.0,,2.3164324417271653
1.355,cascade,11.378338010667418,0.0,4.207869380131229,1.530488782899439,10.919804352615543,0.18902439024390244,1000,0.05519287833827893,cap,station,4,0.0,5.0,,2.275667602133484
1.4777777777777779,parity,6.10602608530876,0.0,1.5045008764193182,1.4039086130924199,1.1042666641200372,0.1444915254237288,1000,0.0,cap,station,0,819.914,7.5,,0.8141368113745013
1.4744444444444444,parity,6.071421433680057,0.0,1.184820744269683,1.0352943156213676,1.1789863195033754,0.15647626709573612,1000,0.0,cap,station,1,655.126,7.5,,0.8095228578240076
1.5922222222222222,parity,6.025340255522918,0.0,2.1367038879908327,1.422436481567597,3.879488860481228,0.024667729930887825,1000,0.0,cap,station,2,1252.86,7.5,,0.8033787007363891
1.4633333333333334,parity,4.945857382848902,0.0,0.962646848668016,0.7210636364080119,1.261599325595857,0.16544259760340163,1000,0.0,cap,station,3,639.646,7.5,,0.6594476510465203
1.4661111111111111,parity,5.229859719913387,0.0,1.1002121540585952,0.990278038681697,0.9964282975968337,0.15668296658516706,1000,0.0,cap,station,4,720.67,7.5,,0.6973146293217849
1.355,parity_nocap,9.415848744951854,0.0,2.881465803597883,0.8253805087738035,7.372162272357168,0.16487228203504328,1000,0.02844311377245509,cap,station,0,0.0,7.5,,1.2554464993269139
1.355,parity_nocap,9.597808684394355,0.0,2.7797315975787296,0.9661495600269492,6.5903355318820935,0.16048186098033787,1000,0.019873969946679594,cap,station,1,0.0,7.5,,1.279707824585914
1.355,parity_nocap,9.51526338967714,0.0,2.531001568435882,0.8317052640625805,6.122955316087595,0.16353737698052628,1000,0.01901511457825451,cap,station,2,0.0,7.5,,1.2687017852902853
1.355,parity_nocap,9.52421118420099,0.0,2.614658542328904,0.9474580926932018,6.185817156881744,0.15636314871932414,1000,0.024260067928190198,cap,station,3,0.0,7.5,,1.269894824560132
1.355,parity_nocap,9.683844652546332,0.0,2.672212233850215,0.9509693206322486,6.4165790112018,0.16479875942764502,1000,0.016982047549733138,cap,station,4,0.0,7.5,,1.2911792870061776
1.355,cascade,11.655357974955551,0.0,4.440941106759861,1.1619800320618159,12.361348558665025,0.18686006825938567,1000,0.06620861961274203,cap,station,0,0.0,7.5,,1.5540477299940736
1.355,cascade,12.599741136091371,0.0,3.937227711161132,1.0987171797874664,10.444704488038475,0.18807410867196014,1000,0.03882915173237754,cap,station,1,0.0,7.5,,1.6799654848121828
1.355,cascade,12.476825843622935,0.0,3.398273077350326,1.3234168911676403,7.954668139096557,0.17103301384451544,1000,0.02617801047120419,cap,station,2,0.0,7.5,,1.6635767791497247
1.355,cascade,11.582162208635827,0.0,3.6443649800090654,1.4088880350546906,8.883726887380556,0.17105263157894737,1000,0.03395997574287447,cap,station,3,0.0,7.5,,1.544288294484777
1.355,cascade,11.378338010667418,0.0,4.207869380131229,1.530488782899439,10.919804352615543,0.18902439024390244,1000,0.04094955489614243,cap,station,4,0.0,7.5,,1.5171117347556557
1.355,parity,9.74022897505641,0.0,2.9333664631952736,0.8717000750122379,7.464986878069992,0.16368839871562194,1000,0.0,cap,station,0,0.0,10.0,,0.9740228975056411
1.355,parity,9.569627730337215,0.0,2.778838197307034,0.9971837540443206,6.543948752039018,0.1589585474477561,1000,0.0,cap,station,1,0.018,10.0,,0.9569627730337216
1.355,parity,9.597374203623778,0.0,2.5882364230387074,0.9003786488889928,6.129795678122613,0.16460789157902167,1000,0.0,cap,station,2,0.0,10.0,,0.9597374203623777
1.355,parity,9.7525322671923,0.0,2.590670178532887,0.9311575619942855,6.175172548990292,0.15636388176542043,1000,0.0,cap,station,3,0.014,10.0,,0.9752532267192301
1.355,parity,9.547941377278091,0.0,2.7349164098984025,0.9784188811635375,6.585684541886763,0.1634440240997618,1000,0.0,cap,station,4,0.0,10.0,,0.9547941377278091
1.355,parity_nocap,9.415848744951854,0.0,2.881465803597883,0.8253805087738035,7.372162272357168,0.16487228203504328,1000,0.0,cap,station,0,0.0,10.0,,0.9415848744951854
1.355,parity_nocap,9.597808684394355,0.0,2.7797315975787296,0.9661495600269492,6.5903355318820935,0.16048186098033787,1000,0.0,cap,station,1,0.0,10.0,,0.9597808684394356
1.355,parity_nocap,9.51526338967714,0.0,2.531001568435882,0.8317052640625805,6.122955316087595,0.16353737698052628,1000,0.0,cap,station,2,0.0,10.0,,0.951526338967714
1.355,parity_nocap,9.52421118420099,0.0,2.614658542328904,0.9474580926932018,6.185817156881744,0.15636314871932414,1000,0.0,cap,station,3,0.0,10.0,,0.952421118420099
1.355,parity_nocap,9.683844652546332,0.0,2.672212233850215,0.9509693206322486,6.4165790112018,0.16479875942764502,1000,0.0,cap,station,4,0.0,10.0,,0.9683844652546332
1.355,cascade,11.655357974955551,0.0,4.440941106759861,1.1619800320618159,12.361348558665025,0.18686006825938567,1000,0.003123048094940662,cap,station,0,0.0,10.0,,1.1655357974955551
1.355,cascade,12.599741136091371,0.0,3.937227711161132,1.0987171797874664,10.444704488038475,0.18807410867196014,1000,0.004181600955794504,cap,station,1,0.0,10.0,,1.2599741136091371
1.355,cascade,12.476825843622935,0.0,3.398273077350326,1.3234168911676403,7.954668139096557,0.17103301384451544,1000,0.0017452006980802793,cap,station,2,0.0,10.0,,1.2476825843622934
1.355,cascade,11.582162208635827,0.0,3.6443649800090654,1.4088880350546906,8.883726887380556,0.17105263157894737,1000,0.0018192844147968466,cap,station,3,0.0,10.0,,1.1582162208635827
1.355,cascade,11.378338010667418,0.0,4.207869380131229,1.530488782899439,10.919804352615543,0.18902439024390244,1000,0.0017804154302670622,cap,station,4,0.0,10.0,,1.137833801066742
1.355,parity,9.415848744951854,0.0,2.881465803597883,0.8253805087738035,7.372162272357168,0.16487228203504328,1000,0.0,cap,station,0,0.0,20.0,,0.4707924372475927
1.355,parity,9.597808684394355,0.0,2.7797315975787296,0.9661495600269492,6.5903355318820935,0.16048186098033787,1000,0.0,cap,station,1,0.0,20.0,,0.4798904342197178
1.355,parity,9.634582683638435,0.0,2.5615629449914294,0.873232555805783,6.158414924904684,0.1627064316075535,1000,0.0,cap,station,2,0.0,20.0,,0.48172913418192176
1.355,parity,9.52421118420099,0.0,2.614658542328904,0.9474580926932018,6.185817156881744,0.15636314871932414,1000,0.0,cap,station,3,0.0,20.0,,0.4762105592100495
1.355,parity,9.563171788626427,0.0,2.712942257976319,0.9994015950893026,6.385518442677448,0.16413629049184916,1000,0.0,cap,station,4,0.0,20.0,,0.47815858943132133
1.355,parity_nocap,9.415848744951854,0.0,2.881465803597883,0.8253805087738035,7.372162272357168,0.16487228203504328,1000,0.0,cap,station,0,0.0,20.0,,0.4707924372475927
1.355,parity_nocap,9.597808684394355,0.0,2.7797315975787296,0.9661495600269492,6.5903355318820935,0.16048186098033787,1000,0.0,cap,station,1,0.0,20.0,,0.4798904342197178
1.355,parity_nocap,9.51526338967714,0.0,2.531001568435882,0.8317052640625805,6.122955316087595,0.16353737698052628,1000,0.0,cap,station,2,0.0,20.0,,0.475763169483857
1.355,parity_nocap,9.52421118420099,0.0,2.614658542328904,0.9474580926932018,6.185817156881744,0.15636314871932414,1000,0.0,cap,station,3,0.0,20.0,,0.4762105592100495
1.355,parity_nocap,9.683844652546332,0.0,2.672212233850215,0.9509693206322486,6.4165790112018,0.16479875942764502,1000,0.0,cap,station,4,0.0,20.0,,0.4841922326273166
1.355,cascade,11.655357974955551,0.0,4.440941106759861,1.1619800320618159,12.361348558665025,0.18686006825938567,1000,0.0,cap,station,0,0.0,20.0,,0.5827678987477776
1.355,cascade,12.599741136091371,0.0,3.937227711161132,1.0987171797874664,10.444704488038475,0.18807410867196014,1000,0.0,cap,station,1,0.0,20.0,,0.6299870568045686
1.355,cascade,12.476825843622935,0.0,3.398273077350326,1.3234168911676403,7.954668139096557,0.17103301384451544,1000,0.0,cap,station,2,0.0,20.0,,0.6238412921811467
1.355,cascade,11.582162208635827,0.0,3.6443649800090654,1.4088880350546906,8.883726887380556,0.17105263157894737,1000,0.0,cap,station,3,0.0,20.0,,0.5791081104317913
1.355,cascade,11.378338010667418,0.0,4.207869380131229,1.530488782899439,10.919804352615543,0.18902439024390244,1000,0.0,cap,station,4,0.0,20.0,,0.568916900533371
1.355,parity,9.415848744951854,0.0,2.881465803597883,0.8253805087738035,7.372162272357168,0.16487228203504328,1000,0.0,cap,station,0,0.0,40.0,,0.23539621862379634
1.355,parity,9.597808684394355,0.0,2.7797315975787296,0.9661495600269492,6.5903355318820935,0.16048186098033787,1000,0.0,cap,station,1,0.0,40.0,,0.2399452171098589
1.355,parity,9.51526338967714,0.0,2.531001568435882,0.8317052640625805,6.122955316087595,0.16353737698052628,1000,0.0,cap,station,2,0.0,40.0,,0.2378815847419285
1.355,parity,9.52421118420099,0.0,2.614658542328904,0.9474580926932018,6.185817156881744,0.15636314871932414,1000,0.0,cap,station,3,0.0,40.0,,0.23810527960502476
1.355,parity,9.683844652546332,0.0,2.672212233850215,0.9509693206322486,6.4165790112018,0.16479875942764502,1000,0.0,cap,station,4,0.0,40.0,,0.2420961163136583
1.355,parity_nocap,9.415848744951854,0.0,2.881465803597883,0.8253805087738035,7.372162272357168,0.16487228203504328,1000,0.0,cap,station,0,0.0,40.0,,0.23539621862379634
1.355,parity_nocap,9.597808684394355,0.0,2.7797315975787296,0.9661495600269492,6.5903355318820935,0.16048186098033787,1000,0.0,cap,station,1,0.0,40.0,,0.2399452171098589
1.355,parity_nocap,9.51526338967714,0.0,2.531001568435882,0.8317052640625805,6.122955316087595,0.16353737698052628,1000,0.0,cap,station,2,0.0,40.0,,0.2378815847419285
1.355,parity_nocap,9.52421118420099,0.0,2.614658542328904,0.9474580926932018,6.185817156881744,0.15636314871932414,1000,0.0,cap,station,3,0.0,40.0,,0.23810527960502476
1.355,parity_nocap,9.683844652546332,0.0,2.672212233850215,0.9509693206322486,6.4165790112018,0.16479875942764502,1000,0.0,cap,station,4,0.0,40.0,,0.2420961163136583
1.355,cascade,11.655357974955551,0.0,4.440941106759861,1.1619800320618159,12.361348558665025,0.18686006825938567,1000,0.0,cap,station,0,0.0,40.0,,0.2913839493738888
1.355,cascade,12.599741136091371,0.0,3.937227711161132,1.0987171797874664,10.444704488038475,0.18807410867196014,1000,0.0,cap,station,1,0.0,40.0,,0.3149935284022843
1.355,cascade,12.476825843622935,0.0,3.398273077350326,1.3234168911676403,7.954668139096557,0.17103301384451544,1000,0.0,cap,station,2,0.0,40.0,,0.31192064609057335
1.355,cascade,11.582162208635827,0.0,3.6443649800090654,1.4088880350546906,8.883726887380556,0.17105263157894737,1000,0.0,cap,station,3,0.0,40.0,,0.28955405521589567
1.355,cascade,11.378338010667418,0.0,4.207869380131229,1.530488782899439,10.919804352615543,0.18902439024390244,1000,0.0,cap,station,4,0.0,40.0,,0.2844584502666855
1.3555555555555556,parity,9.858680024452324,0.0,2.1775018333750755,0.9232333308755076,4.661093547322121,0.144195135098713,1000,0.0,refit_every,station,0,1.914,10,,0.9858680024452324
1.3633333333333333,parity,9.844620666287618,0.0,2.3324169757785396,1.2009801928190444,4.677506685122646,0.12305244314791487,1000,0.0,refit_every,station,1,22.086,10,,0.9844620666287618
1.355,parity,9.639368665611414,0.0,2.0999412828232193,0.9934434899216518,4.4514012402962395,0.15773589967138354,1000,0.0,refit_every,station,2,0.0,10,,0.9639368665611414
1.3566666666666667,parity,9.521594575727992,0.0,2.0865441324735827,0.9968861740844068,4.261044301826292,0.1376140808344198,1000,0.0,refit_every,station,3,4.956,10,,0.9521594575727992
1.3611111111111112,parity,9.489593835498567,0.0,2.19303024212963,1.0447326883707333,4.498446010302629,0.13748723186925435,1000,0.0,refit_every,station,4,14.676,10,,0.9489593835498568
1.355,parity_nocap,9.793559429684528,0.0,2.1076423229850594,0.9454142442797956,4.551379920255958,0.1522151691643217,1000,0.0,refit_every,station,0,0.0,10,,0.9793559429684529
1.355,parity_nocap,9.567658343693044,0.0,2.186739779943341,1.0894936946444882,4.465922511176753,0.15354923127248937,1000,0.0,refit_every,station,1,0.0,10,,0.9567658343693044
1.355,parity_nocap,9.683127542300547,0.0,2.1056525329234863,0.9885317345579225,4.503681637254388,0.15836154366960054,1000,0.0,refit_every,station,2,0.0,10,,0.9683127542300547
1.355,parity_nocap,9.541087271329495,0.0,2.032528592646416,1.0414067828181937,4.176086095361207,0.14916276384166294,1000,0.0,refit_every,station,3,0.0,10,,0.9541087271329495
1.355,parity_nocap,9.463454391188218,0.0,1.9515682380606847,0.9400653044737833,4.162396027607963,0.15838383838383838,1000,0.0,refit_every,station,4,0.0,10,,0.9463454391188219
1.355,cascade,11.54966603574453,0.0,3.781104514657514,1.4346594419569494,9.23504439807868,0.1738152260686552,1000,0.0030193236714975845,refit_every,station,0,0.0,10,,1.154966603574453
1.355,cascade,12.412018363210947,0.0,2.754526773451519,1.4699138914985357,5.67105310762165,0.1680893885765841,1000,0.0029533372711163615,refit_every,station,1,0.0,10,,1.2412018363210948
1.355,cascade,9.924103212027525,0.0,2.6519429822015694,1.3701291119908654,5.592865709682286,0.16347137886334176,1000,0.0,refit_every,station,2,0.0,10,,0.9924103212027525
1.355,cascade,10.694308261334319,0.0,2.801009247100772,1.5019372618058688,5.681820602154716,0.15714848365498227,1000,0.001183431952662722,refit_every,station,3,0.0,10,,1.069430826133432
1.355,cascade,10.300858366771402,0.0,2.709595215598925,1.4089609690906624,5.926594035436815,0.17034497535890294,1000,0.0006006006006006006,refit_every,station,4,0.0,10,,1.0300858366771402
1.355,parity,9.71977644318283,0.0,2.8045167028957714,0.7992068185696047,7.170625046083036,0.16491722437477985,1000,0.0,refit_every,station,0,0.0,20,,0.971977644318283
1.355,parity,9.85753371154521,0.0,2.921399836508726,1.2693948056931375,6.351560552105787,0.1475844261738126,1000,0.0,refit_every,station,1,1.06,20,,0.985753371154521
1.355,parity,9.60295666159118,0.0,2.5845705981936344,1.001167172472106,5.977463038151867,0.16727376615956002,1000,0.0,refit_every,station,2,0.0,20,,0.9602956661591181
1.3555555555555556,parity,9.67345898641339,0.0,2.6131118502049064,1.0091556164076967,6.10546921867119,0.15768503511615342,1000,0.0,refit_every,station,3,0.006,20,,0.967345898641339
1.355,parity,9.66045460653702,0.0,2.5498989979457476,0.9942910033546764,5.986023151177742,0.15873776439181325,1000,0.0,refit_every,station,4,0.0,20,,0.9660454606537019
1.355,parity_nocap,9.998500617187224,0.0,2.8275435258284283,0.8836407085139533,7.096594828856036,0.16352553772857845,1000,0.0,refit_every,station,0,0.0,20,,0.9998500617187224
1.355,parity_nocap,10.015068843571296,0.0,2.6855132756836686,1.0075754895469047,6.294222886264783,0.163139268614253,1000,0.00046882325363338024,refit_every,station,1,0.0,20,,1.0015068843571295
1.355,parity_nocap,9.591345134778239,0.0,2.4103486912727736,0.8990539293065739,5.796113402825425,0.16405045550105116,1000,0.0,refit_every,station,2,0.0,20,,0.9591345134778239
1.355,parity_nocap,9.52990364303485,0.0,2.609043641558593,1.0230067016570372,6.05319701854806,0.15738743596656782,1000,0.0,refit_every,station,3,0.0,20,,0.9529903643034849
1.355,parity_nocap,9.59110747340192,0.0,2.5090583399352826,0.9327818188789158,5.924475044000431,0.16327522744635045,1000,0.0,refit_every,station,4,0.0,20,,0.959110747340192
1.355,cascade,11.735879293777566,0.0,3.9185219928197297,1.393636381613414,9.881467029200424,0.17862743633783884,1000,0.003590664272890485,refit_every,station,0,0.0,20,,1.1735879293777567
1.355,cascade,11.112461581539218,0.0,3.2585445207247448,1.2642004493155614,8.05795887489081,0.17705038617138655,1000,0.002442002442002442,refit_every,station,1,0.0,20,,1.111246158153922
1.355,cascade,12.213499212843649,0.0,3.1726521449781155,1.3533618724834717,7.2947965241795485,0.1690953889475537,1000,0.0011883541295306002,refit_every,station,2,0.0,20,,1.2213499212843648
1.355,cascade,10.240572011280769,0.0,3.1921607887734593,1.4229652330538396,7.5076426186099585,0.1690588983949657,1000,0.0018226002430133657,refit_every,station,3,0.0,20,,1.0240572011280769
1.355,cascade,11.067661409761353,0.0,3.498278009856128,1.50919102582347,8.50495580058141,0.17840410500483378,1000,0.0011947431302270011,refit_every,station,4,0.0,20,,1.1067661409761353
1.355,parity,9.74022897505641,0.0,2.9333664631952736,0.8717000750122379,7.464986878069992,0.16368839871562194,1000,0.0,refit_every,station,0,0.0,40,,0.9740228975056411
1.355,parity,9.569627730337215,0.0,2.778838197307034,0.9971837540443206,6.543948752039018,0.1589585474477561,1000,0.0,refit_every,station,1,0.018,40,,0.9569627730337216
1.355,parity,9.597374203623778,0.0,2.5882364230387074,0.9003786488889928,6.129795678122613,0.16460789157902167,1000,0.0,refit_every,station,2,0.0,40,,0.9597374203623777
1.355,parity,9.7525322671923,0.0,2.590670178532887,0.9311575619942855,6.175172548990292,0.15636388176542043,1000,0.0,refit_every,station,3,0.014,40,,0.9752532267192301
1.355,parity,9.547941377278091,0.0,2.7349164098984025,0.9784188811635375,6.585684541886763,0.1634440240997618,1000,0.0,refit_every,station,4,0.0,40,,0.9547941377278091
1.355,parity_nocap,9.415848744951854,0.0,2.881465803597883,0.8253805087738035,7.372162272357168,0.16487228203504328,1000,0.0,refit_every,station,0,0.0,40,,0.9415848744951854
1.355,parity_nocap,9.597808684394355,0.0,2.7797315975787296,0.9661495600269492,6.5903355318820935,0.16048186098033787,1000,0.0,refit_every,station,1,0.0,40,,0.9597808684394356
1.355,parity_nocap,9.51526338967714,0.0,2.531001568435882,0.8317052640625805,6.122955316087595,0.16353737698052628,1000,0.0,refit_every,station,2,0.0,40,,0.951526338967714
1.355,parity_nocap,9.52421118420099,0.0,2.614658542328904,0.9474580926932018,6.185817156881744,0.15636314871932414,1000,0.0,refit_every,station,3,0.0,40,,0.952421118420099
1.355,parity_nocap,9.683844652546332,0.0,2.672212233850215,0.9509693206322486,6.4165790112018,0.16479875942764502,1000,0.0,refit_every,station,4,0.0,40,,0.9683844652546332
1.355,cascade,11.655357974955551,0.0,4.440941106759861,1.1619800320618159,12.361348558665025,0.18686006825938567,1000,0.003123048094940662,refit_every,station,0,0.0,40,,1.1655357974955551
1.355,cascade,12.599741136091371,0.0,3.937227711161132,1.0987171797874664,10.444704488038475,0.18807410867196014,1000,0.004181600955794504,refit_every,station,1,0.0,40,,1.2599741136091371
1.355,cascade,12.476825843622935,0.0,3.398273077350326,1.3234168911676403,7.954668139096557,0.17103301384451544,1000,0.0017452006980802793,refit_every,station,2,0.0,40,,1.2476825843622934
1.355,cascade,11.582162208635827,0.0,3.6443649800090654,1.4088880350546906,8.883726887380556,0.17105263157894737,1000,0.0018192844147968466,refit_every,station,3,0.0,40,,1.1582162208635827
1.355,cascade,11.378338010667418,0.0,4.207869380131229,1.530488782899439,10.919804352615543,0.18902439024390244,1000,0.0017804154302670622,refit_every,station,4,0.0,40,,1.137833801066742
1.355,parity,9.672846529362413,0.0,3.2066140201969593,0.8237026799922649,8.263511120377212,0.16944986626183764,1000,0.0,refit_every,station,0,0.002,80,,0.9672846529362413
1.355,parity,9.660308770307592,0.0,3.0929439549654023,0.9615019179966471,7.386052736306603,0.1594910591471802,1000,0.0,refit_every,station,1,0.014,80,,0.9660308770307593
1.355,parity,9.573135348185954,0.0,2.7313269290138154,0.9274557360615573,6.670156958671237,0.16411702502643638,1000,0.0,refit_every,station,2,0.0,80,,0.9573135348185954
1.355,parity,9.510956979730432,0.0,2.9618946547496265,1.0103701060214096,6.914463803576161,0.157415525730087,1000,0.0,refit_every,station,3,0.032,80,,0.9510956979730432
1.3555555555555556,parity,9.507881949174521,0.0,2.821045295904519,0.9238306825672843,6.827816524442094,0.16352378271882917,1000,0.0,refit_every,station,4,0.008,80,,0.9507881949174521
1.355,parity_nocap,9.612079204464003,0.0,3.119224235565473,0.7846868546966399,8.03106711482948,0.16509467413658604,1000,0.0,refit_every,station,0,0.0,80,,0.9612079204464002
1.355,parity_nocap,9.595285217045294,0.0,3.1326712680416744,1.0124850523349604,7.29740644902851,0.16322688606888858,1000,0.0,refit_every,station,1,0.0,80,,0.9595285217045294
1.355,parity_nocap,9.640897012221895,0.0,2.8335659668895596,0.9727230829362049,6.741039403012941,0.1630281690140845,1000,0.0,refit_every,station,2,0.0,80,,0.9640897012221895
1.355,parity_nocap,9.671302965710943,0.0,2.9492128038855605,0.9598940890936266,6.88331041734973,0.15560026827632462,1000,0.0,refit_every,station,3,0.0,80,,0.9671302965710943
1.355,parity_nocap,9.593296550279693,0.0,2.8297353569899504,1.001184574246146,6.689688762594341,0.1668076109936575,1000,0.0,refit_every,station,4,0.0,80,,0.9593296550279693
1.355,cascade,11.311732270061698,0.0,5.65837133415491,1.0773656058418932,16.91750780459787,0.2132882682558036,1000,0.0036809815950920245,refit_every,station,0,0.0,80,,1.1311732270061698
1.355,cascade,11.671881428866751,0.0,4.927329923005616,1.2091207209572081,13.778670590904527,0.20102572725744072,1000,0.0036496350364963502,refit_every,station,1,0.0,80,,1.167188142886675
1.355,cascade,11.420723214431957,0.0,4.147735521150856,1.3629817539388185,10.04850707760916,0.18014843691431143,1000,0.0017647058823529412,refit_every,station,2,0.0,80,,1.1420723214431958
1.355,cascade,12.386163320119962,0.0,4.3227111447354885,1.2148981222073716,11.43733666932433,0.1824967628913093,1000,0.002398081534772182,refit_every,station,3,0.0,80,,1.2386163320119963
1.355,cascade,10.924621816575183,0.0,4.954069497953495,1.2334147809576625,14.168006171726816,0.20696791997240427,1000,0.0018427518427518428,refit_every,station,4,0.0,80,,1.0924621816575182
1.355,parity,9.57012141149275,0.0,6.169865206964336,0.6383932707366344,19.99154512477786,0.2259837962962963,1000,0.0,refit_every,station,0,0.002,160,,0.9570121411492749
1.355,parity,9.441093900653788,0.0,6.005386106694931,0.6453096323536974,19.19783729032506,0.22020528416650828,1000,0.0,refit_every,station,1,0.0,160,,0.9441093900653789
1.355,parity,9.525435585457002,0.0,5.649644978951313,0.6942053006884991,18.11260248259836,0.21917937135328439,1000,0.0,refit_every,station,2,0.024,160,,0.9525435585457002
1.355,parity,9.440439711812854,0.0,6.334847813722488,0.5983234703471622,20.71489674576259,0.22777124951037994,1000,0.0,refit_every,station,3,0.008,160,,0.9440439711812854
1.355,parity,9.559143618149685,0.0,5.8954461634317195,0.7218964669106157,18.56105984420947,0.2245819719392658,1000,0.0,refit_every,station,4,0.0,160,,0.9559143618149685
1.355,parity_nocap,9.660918661484391,0.0,6.09756520316403,0.5631848734867392,19.977878941826905,0.22958079118283803,1000,0.0,refit_every,station,0,0.0,160,,0.9660918661484391
1.355,parity_nocap,9.466131307624135,0.0,6.041534679764334,0.6199000077254634,19.224708163192126,0.22457092989430816,1000,0.0,refit_every,station,1,0.0,160,,0.9466131307624135
1.355,parity_nocap,14.828088078292739,0.0,5.723250873623815,0.764197054092526,17.77814061491357,0.21559888579387188,1000,0.0005291005291005291,refit_every,station,2,0.0,160,,1.4828088078292738
1.355,parity_nocap,13.75684826791961,0.0,6.377493972309498,0.643349529056843,20.874340972837345,0.2300753370340999,1000,0.0005530973451327434,refit_every,station,3,0.0,160,,1.375684826791961
1.355,parity_nocap,16.923223910076203,0.0,5.906764129139479,0.7661710708028404,18.272071643811977,0.21969839773798303,1000,0.0010204081632653062,refit_every,station,4,0.0,160,,1.6923223910076204
1.355,cascade,11.188241198610415,0.0,7.8131188027030145,0.8699498396652968,26.348106703381305,0.2720722781335773,1000,0.0019083969465648854,refit_every,station,0,0.0,160,,1.1188241198610416
1.355,cascade,11.754469778911176,0.0,7.219582624417884,0.8830906630053643,23.62851787103809,0.25981938853225983,1000,0.003158559696778269,refit_every,station,1,0.0,160,,1.1754469778911176
1.355,cascade,15.091870243111408,0.0,7.2633883855841965,1.0815300834652941,23.38692641927935,0.25041736227045075,1000,0.004920049200492005,refit_every,station,2,0.0,160,,1.509187024311141
1.355,cascade,11.07036619696949,0.0,7.627856728437896,1.0406600064882134,25.450014051850843,0.2662848158131177,1000,0.0012461059190031153,refit_every,station,3,0.0,160,,1.107036619696949
1.355,cascade,16.923223910076203,0.0,7.698000886823622,1.0272780806441768,24.887230998015834,0.26882326420198377,1000,0.004229607250755287,refit_every,station,4,0.0,160,,1.6923223910076204
1.355,parity,9.647505398190042,0.0,2.9964764849631975,0.8799339705426169,7.599044502022503,0.16691643473917078,1000,0.0,far_salience,station,0,0.002,0.1,,0.9647505398190042
1.3633333333333333,parity,9.651397515219665,0.0,3.0312097053602787,1.1895381170280916,6.9447201733877355,0.13234077750206782,1000,0.0,far_salience,station,1,18.38,0.1,,0.9651397515219665
1.355,parity,9.453621347026873,0.0,2.511411941658327,0.8714847939320876,6.0383741911543645,0.1635941457922882,1000,0.0,far_salience,station,2,0.0,0.1,,0.9453621347026873
1.355,parity,9.390275938291067,0.0,2.5824455272406124,0.9101239721209331,6.180233741738118,0.15633622720236892,1000,0.0,far_salience,station,3,0.02,0.1,,0.9390275938291067
1.3555555555555556,parity,9.794126030741694,0.0,2.8671992886402955,1.0730518884456348,6.533008849900805,0.1509883639422403,1000,0.0,far_salience,station,4,1.744,0.1,,0.9794126030741694
1.355,parity_nocap,9.934227578156312,0.0,3.0600958822254234,0.9021192449531786,7.527109599980787,0.16273057574063723,1000,0.0,far_salience,station,0,0.0,0.1,,0.9934227578156312
1.355,parity_nocap,9.962001408271632,0.0,2.960010590989085,1.0416596159365552,6.61359207202012,0.15864723673357162,1000,0.0,far_salience,station,1,0.0,0.1,,0.9962001408271632
1.355,parity_nocap,9.644684098127446,0.0,2.696795654398478,0.9336416518989482,6.138707190516783,0.16336252189141856,1000,0.0,far_salience,station,2,0.0,0.1,,0.9644684098127445
1.355,parity_nocap,9.46642854553077,0.0,2.6213759145417845,0.8686848910713388,6.061044826023616,0.15715444955369218,1000,0.0,far_salience,station,3,0.0,0.1,,0.946642854553077
1.355,parity_nocap,9.618409131457135,0.0,2.8061951416606745,0.9860673010931413,6.295483678311469,0.161965486173678,1000,0.0,far_salience,station,4,0.0,0.1,,0.9618409131457135
1.355,cascade,11.655357974955551,0.0,4.440941106759861,1.1619800320618159,12.361348558665025,0.18686006825938567,1000,0.003123048094940662,far_salience,station,0,0.0,0.1,,1.1655357974955551
1.355,cascade,12.599741136091371,0.0,3.937227711161132,1.0987171797874664,10.444704488038475,0.18807410867196014,1000,0.004181600955794504,far_salience,station,1,0.0,0.1,,1.2599741136091371
1.355,cascade,12.476825843622935,0.0,3.398273077350326,1.3234168911676403,7.954668139096557,0.17103301384451544,1000,0.0017452006980802793,far_salience,station,2,0.0,0.1,,1.2476825843622934
1.355,cascade,11.582162208635827,0.0,3.6443649800090654,1.4088880350546906,8.883726887380556,0.17105263157894737,1000,0.0018192844147968466,far_salience,station,3,0.0,0.1,,1.1582162208635827
1.355,cascade,11.378338010667418,0.0,4.207869380131229,1.530488782899439,10.919804352615543,0.18902439024390244,1000,0.0017804154302670622,far_salience,station,4,0.0,0.1,,1.137833801066742
1.355,parity,9.74022897505641,0.0,2.9333664631952736,0.8717000750122379,7.464986878069992,0.16368839871562194,1000,0.0,far_salience,station,0,0.0,0.25,,0.9740228975056411
1.355,parity,9.569627730337215,0.0,2.778838197307034,0.9971837540443206,6.543948752039018,0.1589585474477561,1000,0.0,far_salience,station,1,0.018,0.25,,0.9569627730337216
1.355,parity,9.597374203623778,0.0,2.5882364230387074,0.9003786488889928,6.129795678122613,0.16460789157902167,1000,0.0,far_salience,station,2,0.0,0.25,,0.9597374203623777
1.355,parity,9.7525322671923,0.0,2.590670178532887,0.9311575619942855,6.175172548990292,0.15636388176542043,1000,0.0,far_salience,station,3,0.014,0.25,,0.9752532267192301
1.355,parity,9.547941377278091,0.0,2.7349164098984025,0.9784188811635375,6.585684541886763,0.1634440240997618,1000,0.0,far_salience,station,4,0.0,0.25,,0.9547941377278091
1.355,parity_nocap,9.415848744951854,0.0,2.881465803597883,0.8253805087738035,7.372162272357168,0.16487228203504328,1000,0.0,far_salience,station,0,0.0,0.25,,0.9415848744951854
1.355,parity_nocap,9.597808684394355,0.0,2.7797315975787296,0.9661495600269492,6.5903355318820935,0.16048186098033787,1000,0.0,far_salience,station,1,0.0,0.25,,0.9597808684394356
1.355,parity_nocap,9.51526338967714,0.0,2.531001568435882,0.8317052640625805,6.122955316087595,0.16353737698052628,1000,0.0,far_salience,station,2,0.0,0.25,,0.951526338967714
1.355,parity_nocap,9.52421118420099,0.0,2.614658542328904,0.9474580926932018,6.185817156881744,0.15636314871932414,1000,0.0,far_salience,station,3,0.0,0.25,,0.952421118420099
1.355,parity_nocap,9.683844652546332,0.0,2.672212233850215,0.9509693206322486,6.4165790112018,0.16479875942764502,1000,0.0,far_salience,station,4,0.0,0.25,,0.9683844652546332
1.355,cascade,11.655357974955551,0.0,4.440941106759861,1.1619800320618159,12.361348558665025,0.18686006825938567,1000,0.003123048094940662,far_salience,station,0,0.0,0.25,,1.1655357974955551
1.355,cascade,12.599741136091371,0.0,3.937227711161132,1.0987171797874664,10.444704488038475,0.18807410867196014,1000,0.004181600955794504,far_salience,station,1,0.0,0.25,,1.2599741136091371
1.355,cascade,12.476825843622935,0.0,3.398273077350326,1.3234168911676403,7.954668139096557,0.17103301384451544,1000,0.0017452006980802793,far_salience,station,2,0.0,0.25,,1.2476825843622934
1.355,cascade,11.582162208635827,0.0,3.6443649800090654,1.4088880350546906,8.883726887380556,0.17105263157894737,1000,0.0018192844147968466,far_salience,station,3,0.0,0.25,,1.1582162208635827
1.355,cascade,11.378338010667418,0.0,4.207869380131229,1.530488782899439,10.919804352615543,0.18902439024390244,1000,0.0017804154302670622,far_salience,station,4,0.0,0.25,,1.137833801066742
1.355,parity,9.641087200080127,0.0,2.935331611486713,0.8658133999320967,7.55402375267606,0.16561053755784977,1000,0.0,far_salience,station,0,0.0,0.5,,0.9641087200080127
1.355,parity,9.593589696559782,0.0,2.8054633606979436,1.029133950113412,6.616232930377332,0.1605158457950336,1000,0.0,far_salience,station,1,0.018,0.5,,0.9593589696559782
1.355,parity,9.58577552035709,0.0,2.496989557984486,0.8885641159081294,6.1108374265892875,0.16325401217487548,1000,0.0,far_salience,station,2,0.0,0.5,,0.958577552035709
1.355,parity,9.451951712004293,0.0,2.577692055994522,0.9217135891404645,6.185519465407611,0.15827532607961073,1000,0.0,far_salience,station,3,0.016,0.5,,0.9451951712004293
1.355,parity,9.542484871568238,0.0,2.7874131477774857,1.0500576762330567,6.595108828910187,0.16504650674872368,1000,0.0,far_salience,station,4,0.0,0.5,,0.9542484871568238
1.355,parity_nocap,9.750874454482426,0.0,2.858321201225575,0.8066834918600084,7.421188847844839,0.16685714285714287,1000,0.0,far_salience,station,0,0.0,0.5,,0.9750874454482427
1.355,parity_nocap,9.436025168930533,0.0,2.8849728320914365,1.0742458764866016,6.64033127858263,0.15979837885702608,1000,0.0,far_salience,station,1,0.0,0.5,,0.9436025168930533
1.355,parity_nocap,9.674005884950624,0.0,2.5574219534687415,0.8972075225642413,6.208109923333493,0.16474694589877836,1000,0.0,far_salience,station,2,0.0,0.5,,0.9674005884950624
1.355,parity_nocap,9.66460873507039,0.0,2.61339390505597,0.9262904837822244,6.205367854220375,0.15641334941696824,1000,0.0,far_salience,station,3,0.0,0.5,,0.966460873507039
1.355,parity_nocap,9.505742680064095,0.0,2.8140526482417494,1.0483720297645347,6.567191413104876,0.16327237461900804,1000,0.0,far_salience,station,4,0.0,0.5,,0.9505742680064095
1.355,cascade,11.655357974955551,0.0,4.440941106759861,1.1619800320618159,12.361348558665025,0.18686006825938567,1000,0.003123048094940662,far_salience,station,0,0.0,0.5,,1.1655357974955551
1.355,cascade,12.599741136091371,0.0,3.937227711161132,1.0987171797874664,10.444704488038475,0.18807410867196014,1000,0.004181600955794504,far_salience,station,1,0.0,0.5,,1.2599741136091371
1.355,cascade,12.476825843622935,0.0,3.398273077350326,1.3234168911676403,7.954668139096557,0.17103301384451544,1000,0.0017452006980802793,far_salience,station,2,0.0,0.5,,1.2476825843622934
1.355,cascade,11.582162208635827,0.0,3.6443649800090654,1.4088880350546906,8.883726887380556,0.17105263157894737,1000,0.0018192844147968466,far_salience,station,3,0.0,0.5,,1.1582162208635827
1.355,cascade,11.378338010667418,0.0,4.207869380131229,1.530488782899439,10.919804352615543,0.18902439024390244,1000,0.0017804154302670622,far_salience,station,4,0.0,0.5,,1.137833801066742
1.355,parity,9.732808416140887,0.0,2.8911690321465495,0.8456622115877862,2.8911690321465495,0.16756564939673527,1000,0.0,far_salience,station,0,0.0,1.0,,0.9732808416140888
1.355,parity,9.753000455148465,0.0,2.7401519100299256,0.9499681699259414,2.7401519100299256,0.16399860188745194,1000,0.0,far_salience,station,1,0.0,1.0,,0.9753000455148465
1.355,parity,9.69442960645798,0.0,2.5334127467656424,0.922041689179546,2.5334127467656424,0.16164762893734858,1000,0.0,far_salience,station,2,0.0,1.0,,0.969442960645798
1.355,parity,9.625082093703506,0.0,2.688864871103621,1.0180634975800156,2.688864871103621,0.1576229123348313,1000,0.0,far_salience,station,3,0.01,1.0,,0.9625082093703506
1.355,parity,9.606197412690726,0.0,2.6755847414349807,0.9828245807421093,2.6755847414349807,0.16455873104604848,1000,0.0,far_salience,station,4,0.0,1.0,,0.9606197412690726
1.355,parity_nocap,9.855598431044443,0.0,2.854905946850336,0.8342412715097627,2.854905946850336,0.1649181703734788,1000,0.0,far_salience,station,0,0.0,1.0,,0.9855598431044443
1.355,parity_nocap,9.86182552875858,0.0,2.754593689010205,0.9269458201200236,2.754593689010205,0.16339823990021482,1000,0.0,far_salience,station,1,0.0,1.0,,0.986182552875858
1.355,parity_nocap,9.790847309021654,0.0,2.506385630926408,0.8898280324318807,2.506385630926408,0.16523816214697204,1000,0.0,far_salience,station,2,0.0,1.0,,0.9790847309021654
1.355,parity_nocap,9.484681475213184,0.0,2.5575524370473652,0.8871636786100014,2.5575524370473652,0.15541799787007454,1000,0.0,far_salience,station,3,0.0,1.0,,0.9484681475213185
1.355,parity_nocap,9.45360904679681,0.0,2.6958838605168363,0.9295760385930615,2.6958838605168363,0.16350974930362117,1000,0.0,far_salience,station,4,0.0,1.0,,0.945360904679681
1.355,cascade,11.655357974955551,0.0,4.440941106759861,1.1619800320618159,4.440941106759861,0.18686006825938567,1000,0.003123048094940662,far_salience,station,0,0.0,1.0,,1.1655357974955551
1.355,cascade,12.599741136091371,0.0,3.937227711161132,1.0987171797874664,3.937227711161132,0.18807410867196014,1000,0.004181600955794504,far_salience,station,1,0.0,1.0,,1.2599741136091371
1.355,cascade,12.476825843622935,0.0,3.398273077350326,1.3234168911676403,3.398273077350326,0.17103301384451544,1000,0.0017452006980802793,far_salience,station,2,0.0,1.0,,1.2476825843622934
1.355,cascade,11.582162208635827,0.0,3.6443649800090654,1.4088880350546906,3.6443649800090654,0.17105263157894737,1000,0.0018192844147968466,far_salience,station,3,0.0,1.0,,1.1582162208635827
1.355,cascade,11.378338010667418,0.0,4.207869380131229,1.530488782899439,4.207869380131229,0.18902439024390244,1000,0.0017804154302670622,far_salience,station,4,0.0,1.0,,1.137833801066742
0.4588888888888889,parity,9.743577912417825,0.0,6.112385917292483,1.7087215398900963,17.27990063210748,0.0375487070492384,1000,0.0,util,station,0,14.764,0.3,,0.9743577912417825
0.4533333333333333,parity,9.509119520193279,0.0,6.388621845540026,1.973496897170289,17.587446165924113,0.04715075950478532,1000,0.0,util,station,1,7.466,0.3,,0.9509119520193279
0.45555555555555555,parity,9.772614405104502,0.0,5.871920534429236,1.7652434631464002,16.1347714852734,0.04859464950897392,1000,0.0,util,station,2,7.646,0.3,,0.9772614405104502
0.4527777777777778,parity,9.598205691682793,0.0,6.229903172370317,1.7143517355536162,18.1930692173591,0.05684286748732802,1000,0.0,util,station,3,2.356,0.3,,0.9598205691682793
0.4533333333333333,parity,9.807979723594372,0.0,5.830310799971629,1.692486508713248,16.151878803541205,0.05367633968310486,1000,0.0,util,station,4,4.91,0.3,,0.9807979723594371
0.45166666666666666,parity_nocap,12.339897631435381,0.0,6.102124529167685,1.4880124739235874,16.99102219807053,0.06731613129717395,1000,0.001791044776119403,util,station,0,0.0,0.3,,1.2339897631435381
0.45166666666666666,parity_nocap,11.039442822886304,0.0,6.462289807130602,1.645534419747246,17.561356194783414,0.06741573033707865,1000,0.0011607661056297156,util,station,1,0.0,0.3,,1.1039442822886305
0.45166666666666666,parity_nocap,13.688509336092904,0.0,6.052370189546048,1.5462287727969963,15.715805396875721,0.06460698130920885,1000,0.004662004662004662,util,station,2,0.0,0.3,,1.3688509336092904
0.45166666666666666,parity_nocap,10.789557530770072,0.0,6.293307046698766,1.3973746366859283,17.75335802487523,0.06888080072793448,1000,0.003738317757009346,util,station,3,0.0,0.3,,1.078955753077007
0.45166666666666666,parity_nocap,11.166304750488395,0.0,6.023430827251608,1.6089694989152497,16.20872457532998,0.0650759219088937,1000,0.002369668246445498,util,station,4,0.0,0.3,,1.1166304750488396
0.45166666666666666,cascade,17.409447541401946,0.0,9.981654962687038,1.2862364832358995,36.05098519175422,0.11764705882352941,1000,0.013085399449035813,util,station,0,0.0,0.3,,1.7409447541401946
0.45166666666666666,cascade,15.354444760536955,0.0,8.84261883045038,1.8533520398571162,27.362794486898682,0.09209313047487322,1000,0.01366120218579235,util,station,1,0.0,0.3,,1.5354444760536956
0.45166666666666666,cascade,18.72092003244039,0.0,10.196400459214711,2.761801689556126,29.458544726537376,0.09517585551330798,1000,0.03944773175542406,util,station,2,0.0,0.3,,1.872092003244039
0.45166666666666666,cascade,15.54282419960304,0.0,8.532859734338603,1.8374549237017372,26.813930334986974,0.09216853675291962,1000,0.02099370188943317,util,station,3,0.0,0.3,,1.554282419960304
0.45166666666666666,cascade,15.748146877218133,0.0,8.649739352381728,1.7883797253396205,27.957960077357885,0.09644364074743822,1000,0.015352407536636426,util,station,4,0.0,0.3,,1.5748146877218132
0.9038888888888889,parity,9.768457732073836,0.0,3.8419298147973113,1.016031559319584,10.124950004865935,0.11832733399708968,1000,0.0,util,station,0,0.004,0.6,,0.9768457732073836
0.9138888888888889,parity,9.64436640900103,0.0,4.05040979545997,1.4605784813541856,9.868941136417554,0.08924122310305775,1000,0.0,util,station,1,17.026,0.6,,0.9644366409001031
0.9038888888888889,parity,9.838960806441703,0.0,3.464433077949411,1.2054578660369755,8.457682110114883,0.10188221873663197,1000,0.0,util,station,2,0.616,0.6,,0.9838960806441703
0.9033333333333333,parity,9.695019544500857,0.0,3.7733794350077114,1.3193807604133865,9.23666642517825,0.11309875813128327,1000,0.0,util,station,3,0.008,0.6,,0.9695019544500857
0.9044444444444445,parity,9.526330269655299,0.0,3.814819029721848,1.4851113064174035,9.375887129893941,0.10071396020051648,1000,0.0,util,station,4,4.04,0.6,,0.9526330269655299
0.9033333333333333,parity_nocap,10.276371669584355,0.0,3.9073758426055663,1.1396636801222044,10.290492468570973,0.11769635103222366,1000,0.001048767697954903,util,station,0,0.0,0.6,,1.0276371669584354
0.9033333333333333,parity_nocap,9.935429225252879,0.0,3.874119511483009,1.26313530841524,9.494328089392958,0.11662400240927571,1000,0.0,util,station,1,0.0,0.6,,0.9935429225252879
0.9033333333333333,parity_nocap,10.084689843084048,0.0,3.585549877812935,1.3370044675962107,8.303334895034364,0.10946157124591561,1000,0.0004935834155972359,util,station,2,0.0,0.6,,1.0084689843084047
0.9033333333333333,parity_nocap,9.801924656587396,0.0,3.6810976107347906,1.178736288504895,9.106626051231338,0.11453582462851258,1000,0.0,util,station,3,0.0,0.6,,0.9801924656587395
0.9033333333333333,parity_nocap,9.755408042279694,0.0,3.6862783070076763,1.3523701349654365,8.92847667053651,0.11172770995190529,1000,0.0,util,station,4,0.0,0.6,,0.9755408042279694
0.9033333333333333,cascade,11.85629357730328,0.0,6.354398394414337,1.3760005106812365,18.897743908919864,0.14626565499588629,1000,0.00754242614707731,util,station,0,0.0,0.6,,1.185629357730328
0.9033333333333333,cascade,13.061876250382992,0.0,4.790779248569718,1.5990063960099175,12.135149563682583,0.12799616490891658,1000,0.006234413965087282,util,station,1,0.0,0.6,,1.3061876250382993
0.9033333333333333,cascade,11.470868853577358,0.0,5.026968790535578,1.8682437423514062,12.433380506579688,0.12475724384370387,1000,0.004366812227074236,util,station,2,0.0,0.6,,1.1470868853577358
0.9033333333333333,cascade,12.003475324185818,0.0,5.250180701385612,1.8727044864141376,13.262258059127939,0.12552825168257944,1000,0.002523659305993691,util,station,3,0.0,0.6,,1.2003475324185817
0.9033333333333333,cascade,10.76874689756629,0.0,5.788029375898458,1.7887630564424475,15.917023718474796,0.14293323863636365,1000,0.002484472049689441,util,station,4,0.0,0.6,,1.076874689756629
1.355,parity,9.74022897505641,0.0,2.9333664631952736,0.8717000750122379,7.464986878069992,0.16368839871562194,1000,0.0,util,station,0,0.0,0.9,,0.9740228975056411
1.355,parity,9.569627730337215,0.0,2.778838197307034,0.9971837540443206,6.543948752039018,0.1589585474477561,1000,0.0,util,station,1,0.018,0.9,,0.9569627730337216
1.355,parity,9.597374203623778,0.0,2.5882364230387074,0.9003786488889928,6.129795678122613,0.16460789157902167,1000,0.0,util,station,2,0.0,0.9,,0.9597374203623777
1.355,parity,9.7525322671923,0.0,2.590670178532887,0.9311575619942855,6.175172548990292,0.15636388176542043,1000,0.0,util,station,3,0.014,0.9,,0.9752532267192301
1.355,parity,9.547941377278091,0.0,2.7349164098984025,0.9784188811635375,6.585684541886763,0.1634440240997618,1000,0.0,util,station,4,0.0,0.9,,0.9547941377278091
1.355,parity_nocap,9.415848744951854,0.0,2.881465803597883,0.8253805087738035,7.372162272357168,0.16487228203504328,1000,0.0,util,station,0,0.0,0.9,,0.9415848744951854
1.355,parity_nocap,9.597808684394355,0.0,2.7797315975787296,0.9661495600269492,6.5903355318820935,0.16048186098033787,1000,0.0,util,station,1,0.0,0.9,,0.9597808684394356
1.355,parity_nocap,9.51526338967714,0.0,2.531001568435882,0.8317052640625805,6.122955316087595,0.16353737698052628,1000,0.0,util,station,2,0.0,0.9,,0.951526338967714
1.355,parity_nocap,9.52421118420099,0.0,2.614658542328904,0.9474580926932018,6.185817156881744,0.15636314871932414,1000,0.0,util,station,3,0.0,0.9,,0.952421118420099
1.355,parity_nocap,9.683844652546332,0.0,2.672212233850215,0.9509693206322486,6.4165790112018,0.16479875942764502,1000,0.0,util,station,4,0.0,0.9,,0.9683844652546332
1.355,cascade,11.655357974955551,0.0,4.440941106759861,1.1619800320618159,12.361348558665025,0.18686006825938567,1000,0.003123048094940662,util,station,0,0.0,0.9,,1.1655357974955551
1.355,cascade,12.599741136091371,0.0,3.937227711161132,1.0987171797874664,10.444704488038475,0.18807410867196014,1000,0.004181600955794504,util,station,1,0.0,0.9,,1.2599741136091371
1.355,cascade,12.476825843622935,0.0,3.398273077350326,1.3234168911676403,7.954668139096557,0.17103301384451544,1000,0.0017452006980802793,util,station,2,0.0,0.9,,1.2476825843622934
1.355,cascade,11.582162208635827,0.0,3.6443649800090654,1.4088880350546906,8.883726887380556,0.17105263157894737,1000,0.0018192844147968466,util,station,3,0.0,0.9,,1.1582162208635827
1.355,cascade,11.378338010667418,0.0,4.207869380131229,1.530488782899439,10.919804352615543,0.18902439024390244,1000,0.0017804154302670622,util,station,4,0.0,0.9,,1.137833801066742
1.575,parity,9.64381427986393,0.0,3.2712905152875273,1.3718830349215594,7.317400274604022,0.12296326981496825,1000,0.0,util,station,0,24.278,1.2,,0.964381427986393
1.568888888888889,parity,9.64420134078757,0.0,3.1228879093825004,1.5199906422431069,6.544431364454627,0.1104463241867822,1000,0.0,util,station,1,40.138,1.2,,0.9644201340787569
1.5677777777777777,parity,9.453639148762239,0.0,2.982487588740842,1.4236345001505968,6.527186403817727,0.11977929878474647,1000,0.0,util,station,2,35.278,1.2,,0.9453639148762238
1.5772222222222223,parity,9.516838045698876,0.0,3.030045481117379,1.429272037581973,6.395260206933527,0.1269819573537452,1000,0.0,util,station,3,19.588,1.2,,0.9516838045698875
1.5666666666666667,parity,9.665163100252357,0.0,3.0452069401501483,1.520763964103007,6.671426900889598,0.11078161406481678,1000,0.0,util,station,4,33.386,1.2,,0.9665163100252357
1.5744444444444445,parity_nocap,11.394900564949111,0.0,3.015825292778302,1.250546947921532,7.059409152960058,0.15204718004338394,1000,0.0012325390304026294,util,station,0,0.0,1.2,,1.139490056494911
1.5666666666666667,parity_nocap,10.662206782532415,0.0,2.7849043131817792,1.2722061510557374,6.080828937805441,0.1487943944494058,1000,0.0008291873963515755,util,station,1,0.0,1.2,,1.0662206782532415
1.5694444444444444,parity_nocap,10.947452648063168,0.0,2.742515973359913,1.2847870239079477,6.204363005272261,0.1487076432679648,1000,0.000419639110365086,util,station,2,0.0,1.2,,1.0947452648063167
1.5777777777777777,parity_nocap,9.622282818643184,0.0,2.738323207198277,1.2846206747083009,5.996547740662362,0.15103402268178787,1000,0.0,util,station,3,0.0,1.2,,0.9622282818643184
1.5644444444444445,parity_nocap,10.345554783633093,0.0,2.8924656257612567,1.4250586683940163,6.3587516004229085,0.1481300926248346,1000,0.0004175365344467641,util,station,4,0.0,1.2,,1.0345554783633093
1.5744444444444445,cascade,11.86857730862163,0.0,4.169621948348681,1.2988561775909797,10.867797626377856,0.17709129836366416,1000,0.0023741690408357074,util,station,0,0.0,1.2,,1.186857730862163
1.5672222222222223,cascade,14.14995846169438,0.0,3.016803414234543,1.3559448345119913,7.017874339847166,0.1630026034133642,1000,0.0014785608674223755,util,station,1,0.0,1.2,,1.414995846169438
1.57,cascade,11.053338975999148,0.0,3.237237722823422,1.505987611331461,7.112970014204116,0.15219343696027635,1000,0.000948316737790422,util,station,2,0.0,1.2,,1.1053338975999147
1.5766666666666667,cascade,9.941316051425133,0.0,3.386986001657613,1.7269474658410027,7.489762135393491,0.16235602455341747,1000,0.0,util,station,3,0.0,1.2,,0.9941316051425133
1.566111111111111,cascade,12.621027424869364,0.0,3.911510783263385,1.5692907871850459,9.857938345688693,0.16246008818610308,1000,0.0019474196689386564,util,station,4,0.0,1.2,,1.2621027424869364
1.1188888888888888,parity,20.682525008986893,4.6133520895120546,25.172578082704877,40.816417352735364,30.036186877164393,0.06949661908339594,1000,0.008537279453614115,rehearse,museum,0,23.8181207227251,0.0,24.57,2.0682525008986894
1.2677777777777777,parity,27.281277759152104,7.294840501641276,37.34470806982404,70.71998027237018,44.415839953367524,0.06783253842077372,1000,0.0365990990990991,rehearse,museum,1,37.15596330275229,0.0,29.040000000000003,2.7281277759152105
1.238888888888889,parity,34.72506349207238,6.404627645186125,32.65739266377422,63.14418266767182,44.92134785165754,0.06563421828908554,1000,0.03864168618266979,rehearse,museum,2,32.60742004619322,0.0,33.39,3.472506349207238
1.22,parity,23.778424804549488,6.325249805654046,30.25325120224159,51.22459849296639,35.864479991986734,0.06412382531785517,1000,0.019662921348314606,rehearse,museum,3,32.29366147778768,0.0,31.259999999999994,2.377842480454949
1.2055555555555555,parity,22.885169208525046,6.502377937483325,28.813566081674846,54.944181746473134,39.58837314957795,0.06869806094182826,1000,0.020058997050147492,rehearse,museum,4,32.915906136052755,0.0,30.3,2.2885169208525045
1.0744444444444445,parity,9.349694121149334,3.123537968169175,18.954032763089774,21.39295163509525,18.129786191583303,0.06687524442706297,1000,0.0,rehearse,museum,0,16.069377929380142,0.1,32.88,0.9349694121149333
1.3766666666666667,parity,18.757889262663944,12.855352648208644,40.75397749941749,32.29536796565886,64.52729602380528,0.048043073100020706,1000,0.06006006006006006,rehearse,museum,1,65.28699191345794,0.1,37.05000000000001,1.8757889262663945
1.45,parity,32.55226091749263,14.055078306319825,43.50622219176252,36.2145015310539,52.75412468971252,0.043444073127580106,1000,0.041430192962542564,rehearse,museum,2,71.36652953257835,0.1,39.06,3.2552260917492633
1.4733333333333334,parity,26.871888987811516,12.291465600441196,40.75446782446264,29.074413047791307,43.61065382164544,0.04218167549538945,1000,0.0476460578559274,rehearse,museum,3,62.28457190128223,0.1,25.14,2.6871888987811516
1.1733333333333333,parity,11.313722525327893,4.715647394715033,19.867831298934664,17.721552003971563,19.83855117535693,0.062054345731354786,1000,0.0005561735261401557,rehearse,museum,4,23.975022838502642,0.1,31.020000000000007,1.1313722525327894
1.3433333333333333,parity,19.95651315839112,8.824649074572031,30.204341562183302,11.003277976192985,33.171249170224485,0.04321780059905862,1000,0.011751538891997761,rehearse,museum,0,44.783099987310486,0.2,6.480000000000002,1.9956513158391123
1.2933333333333332,parity,15.38869926748015,7.942938659058488,27.36353417562212,8.600437886172607,34.04640520630967,0.05295618885580604,1000,0.001142857142857143,rehearse,museum,1,40.61245839277223,0.2,30.48,1.538869926748015
1.1933333333333334,parity,18.408525442800354,4.447153716659467,17.584723984011998,15.043613991973315,14.749232492323237,0.056592650815484376,1000,0.002324230098779779,rehearse,museum,2,22.686297227795517,0.2,15.42,1.8408525442800354
1.1688888888888889,parity,9.101882541328406,4.064302004338717,19.0282438289113,15.400382794284209,17.906438585481915,0.05685491538315269,1000,0.0,rehearse,museum,3,20.833256076984405,0.2,18.21,0.9101882541328405
1.2977777777777777,parity,17.073428033899553,8.281624797882815,29.056151839988974,11.892474511407272,40.13963545435685,0.05026202953787518,1000,0.003403289846851957,rehearse,museum,4,41.86949584444933,0.2,34.379999999999995,1.7073428033899554
1.1777777777777778,parity,14.888256562446742,5.782259434229315,25.964670178619123,5.3656219029550245,30.86261331976833,0.041917670682730925,1000,0.003395585738539898,rehearse,museum,0,29.885071932263525,0.3,26.25,1.4888256562446742
1.308888888888889,parity,10.492195855251863,7.280187573270809,23.341662157961746,4.733979854934505,22.163683472494437,0.045024763619991,1000,0.0005714285714285715,rehearse,museum,1,36.724501758499414,0.3,19.169999999999998,1.0492195855251862
1.1744444444444444,parity,11.011515108313166,3.3005374783557366,19.26264316153616,11.587921910570696,13.585790297577336,0.05272373540856031,1000,0.0005704506560182544,rehearse,museum,2,16.9566914553953,0.3,11.699999999999998,1.1011515108313166
1.3688888888888888,parity,11.921921212283575,9.290195159932393,25.797153296557124,9.393884928040853,36.59987308181993,0.03783535886264618,1000,0.0022598870056497176,rehearse,museum,3,47.34733150601685,0.3,29.58,1.1921921212283575
1.3033333333333332,parity,11.174708893848381,7.0394883236415975,23.89815529919195,3.686280956704791,23.777743442341844,0.03977272727272727,1000,0.0011507479861910242,rehearse,museum,4,35.96306572591523,0.3,18.210000000000004,1.1174708893848382
1.058888888888889,parity,7.561222700667608,2.399932328192156,19.166369202038354,7.4331677675472,14.082671294461782,0.04006442520636199,1000,0.0,rehearse,museum,0,12.478197996431119,0.5,6.630000000000003,0.7561222700667608
1.2066666666666668,parity,10.22145556792764,4.898659800620585,19.88574331218235,1.4176488676061725,17.85927456837247,0.0388552815262913,1000,0.0005659309564233164,rehearse,museum,1,25.160097709117316,0.5,50.78999999999999,1.022145556792764
1.4077777777777778,parity,11.751236051689194,8.025716649509603,26.628084751230613,8.46460743088085,24.46788967096914,0.02898886827458256,1000,0.0005737234652897303,rehearse,museum,2,40.62119097391074,0.5,35.79,1.1751236051689193
1.3022222222222222,parity,10.306723305967306,6.777191175630783,23.52902497711287,2.9941396469286237,22.34384728729651,0.03857566765578635,1000,0.0005599104143337066,rehearse,museum,3,34.59486708899395,0.5,11.700000000000003,1.0306723305967307
1.1466666666666667,parity,9.226614865585262,2.8947992052062634,19.707654344015268,11.28068091757348,17.242809528389614,0.04093005380476557,1000,0.0,rehearse,museum,4,15.093789306742986,0.5,8.880000000000003,0.9226614865585262
0.7611111111111111,parity,10.833113684672155,3.658052842163605,22.02700581435086,3.317718738728509,18.05986908695544,0.06000436395374209,1000,0.0005580357142857143,max_wait,museum,0,0.0,0,57.44999999999999,1.0833113684672155
0.7633333333333333,parity,8.13900055974229,3.3760094304655075,21.200473872007194,4.8058163634092095,21.551864884031144,0.06041896361631753,1000,0.0,max_wait,museum,1,0.0,0,10.050000000000006,0.8139000559742289
0.8044444444444444,parity,12.015950258331763,2.071416726769985,16.965418137728292,13.559295150318503,13.823745671271714,0.0646873771136453,1000,0.0005790387955993051,max_wait,museum,2,0.0,0,10.469999999999997,1.2015950258331762
0.7855555555555556,parity,8.106245758968903,1.6215922733058645,17.681971023551668,12.225628329105199,14.657664419527219,0.06275033377837116,1000,0.0,max_wait,museum,3,0.0,0,6.420000000000002,0.8106245758968903
0.7677777777777778,parity,8.139171713910066,2.4285895499152415,18.67485536915076,3.972356594593019,19.36685178527394,0.06687291765825797,1000,0.0,max_wait,museum,4,0.0,0,29.370000000000005,0.8139171713910066
1.271111111111111,parity,26.07229599158234,9.063982134047862,29.77057123824598,14.821355072701127,36.46728828893349,0.042562157606405394,1000,0.01233183856502242,max_wait,museum,0,18.341667911906608,2,14.520000000000003,2.607229599158234
1.2044444444444444,parity,11.871209187918517,7.8166983803640715,27.23565147274879,9.489256964658349,36.978997816983956,0.05139278773483049,1000,0.002280501710376283,max_wait,museum,1,15.817499568509044,2,34.59,1.1871209187918517
1.1511111111111112,parity,11.04510753904843,4.705979534730038,17.528021128250476,14.740334265533441,14.943850906856964,0.058153241650294694,1000,0.0005807200929152149,max_wait,museum,2,9.501171951635053,2,26.699999999999996,1.104510753904843
1.1333333333333333,parity,10.254181877558668,4.218332168549153,20.169014316661897,18.31214298606633,19.822823016646307,0.05649289099526066,1000,0.0005720823798627002,max_wait,museum,3,8.557188113342567,2,25.740000000000002,1.0254181877558668
1.2733333333333334,parity,18.315691987391304,8.972773454593884,28.160573540913653,14.091222903126212,37.9536913986716,0.047932330827067667,1000,0.006837606837606838,max_wait,museum,4,18.189082745105498,2,29.430000000000003,1.8315691987391305
1.3433333333333333,parity,19.95651315839112,8.824649074572031,30.204341562183302,11.003277976192985,33.171249170224485,0.04321780059905862,1000,0.011751538891997761,max_wait,museum,0,44.783099987310486,5,6.480000000000002,1.9956513158391123
1.2933333333333332,parity,15.38869926748015,7.942938659058488,27.36353417562212,8.600437886172607,34.04640520630967,0.05295618885580604,1000,0.001142857142857143,max_wait,museum,1,40.61245839277223,5,30.48,1.538869926748015
1.1933333333333334,parity,18.408525442800354,4.447153716659467,17.584723984011998,15.043613991973315,14.749232492323237,0.056592650815484376,1000,0.002324230098779779,max_wait,museum,2,22.686297227795517,5,15.42,1.8408525442800354
1.1688888888888889,parity,9.101882541328406,4.064302004338717,19.0282438289113,15.400382794284209,17.906438585481915,0.05685491538315269,1000,0.0,max_wait,museum,3,20.833256076984405,5,18.21,0.9101882541328405
1.2977777777777777,parity,17.073428033899553,8.281624797882815,29.056151839988974,11.892474511407272,40.13963545435685,0.05026202953787518,1000,0.003403289846851957,max_wait,museum,4,41.86949584444933,5,34.379999999999995,1.7073428033899554
1.3577777777777778,parity,14.262553359881013,7.121379965184365,27.438882241435618,10.118454065202098,31.66721536883017,0.04628207940337793,1000,0.003932584269662922,max_wait,museum,0,113.80330383337188,15,10.200000000000006,1.4262553359881012
1.2766666666666666,parity,10.754655620192265,6.853589225791117,26.488876634129813,12.115378316238305,35.870043583224984,0.050491803278688525,1000,0.0005777007510109763,max_wait,museum,1,109.74993950321972,15,36.720000000000006,1.0754655620192266
1.228888888888889,parity,6.931336549867766,3.3568022169233744,15.336542198039144,9.378420005471206,11.427813837948495,0.0598256735340729,1000,0.0,max_wait,museum,2,54.82535283882194,15,14.31,0.6931336549867766
1.2066666666666668,parity,6.8190176570300665,3.424480846124081,17.481055647747244,11.686981441938768,13.739851884230463,0.05955334987593052,1000,0.0,max_wait,museum,3,55.35760350831936,15,7.530000000000002,0.6819017657030066
1.4044444444444444,parity,12.679450836861815,9.459236268556511,31.07997628119099,22.78295927306821,46.384319508077816,0.04237091919425793,1000,0.005763688760806916,max_wait,museum,4,145.7494567910238,15,36.42,1.2679450836861814
1.5177777777777777,parity,14.117630733524162,6.5677572339539205,30.3281092544112,20.47589263655373,34.80756628798866,0.0393646408839779,1000,0.002844141069397042,max_wait,museum,0,444.6925369308168,60,35.00999999999999,1.4117630733524162
1.4477777777777778,parity,10.150628340741159,5.498728861533395,23.367149558314548,11.62070272091348,21.04381757630349,0.04667418263810597,1000,0.0005827505827505828,max_wait,museum,1,392.76634725238534,60,18.210000000000008,1.015062834074116
1.3944444444444444,parity,8.547461409674105,2.9170295441181526,15.82539675462844,10.569136453842427,11.609022976043402,0.057097541633624106,1000,0.0,max_wait,museum,2,227.15731065879686,60,16.019999999999996,0.8547461409674104
1.3744444444444444,parity,7.539761934044975,2.7317846351973847,15.930980865883306,8.106956241899143,10.76997033410336,0.057186720399155636,1000,0.0,max_wait,museum,3,211.72400812323542,60,5.7899999999999965,0.7539761934044975
1.5822222222222222,parity,11.460468223489944,7.495301340684124,28.12256564706784,19.6875574619523,33.694208555237196,0.04221698113207547,1000,0.002913752913752914,max_wait,museum,4,513.7927577997744,60,24.360000000000007,1.1460468223489944
2.5233333333333334,parity,6.75974848849282,0.0,11.463647484886685,1.1066147668414545,6.297863036027909,0.03968027405081359,1000,0.0,max_wait,museum,0,2220.1210386413127,none,259.44,0.6759748488492819
2.4122222222222223,parity,7.250664257356717,0.0,12.020306403485577,1.2302186093208345,6.4096831648439565,0.04609544468546638,1000,0.0,max_wait,museum,1,2021.1230928217944,none,213.18000000000004,0.7250664257356717
1.9233333333333333,parity,4.7788757296414515,0.0,14.346587989120879,7.15415155466255,9.294415292621396,0.057063048683160415,1000,0.0,max_wait,museum,2,565.9024094138931,none,29.250000000000004,0.47788757296414514
1.8433333333333333,parity,6.2707702901774125,0.0,16.452170943639548,8.933593611376276,11.085352925508788,0.05763688760806916,1000,0.0,max_wait,museum,3,506.68080593849413,none,26.669999999999995,0.6270770290177412
2.6055555555555556,parity,7.5607025051071615,0.0,9.839807549578527,0.75189315832596,6.057486060993279,0.04445919044459191,1000,0.0,max_wait,museum,4,2375.50946225322,none,303.45,0.7560702505107162
