boarded,calls_per_s,cap,condition,coverage,dmax,forced_per_agent_h,kl_per_agent_h,kl_steady_per_agent_h,kl_view_per_agent_h,late,left,llm_frac,missed,model,model_util,n,order_free,over_cap_frac,overflow_frac,overrun,probes,scenario,seed,small_frac,stale,stall_per_agent_h,stretches,turned_away
237,1.3688888888888888,10.0,parity,1.0,9.99745025014255,0.0,23.70880923034905,13.09454914158403,54.73630098310873,133,2,0.3033080337963626,161,qwen2.5:7b,0.9077545055522448,1000,False,0.0,0.0,577,0,station,0,0.0,209,10.062,2106,137
216,1.3733333333333333,10.0,parity,1.0,9.985650393786134,0.0,22.749121688637512,12.28281515654873,53.54041402240762,0,0,0.34767958339715116,121,qwen2.5:7b,0.9143512501167101,1000,False,0.0,0.0,200,0,station,1,0.0,198,0.068,2008,99
232,1.37,10.0,parity,1.0,9.992494512575115,0.0,24.530973310664656,14.000914290028435,53.6712148719272,151,1,0.28230882549886166,170,qwen2.5:7b,0.9133491390609965,1000,False,0.0,0.0,635,0,station,2,0.0,201,16.076,2148,113
219,1.38,10.0,parity,1.0,9.99945335354824,0.0,24.61381600412369,14.125115367469013,55.652904404026685,106,1,0.3204673173617273,144,qwen2.5:7b,0.9112307868525062,1000,False,0.0,0.0,537,0,station,3,0.0,206,5.764,2128,147
260,1.3816666666666666,10.0,parity,1.0,9.997357379860139,0.0,23.03456348662343,12.500443281980191,52.548920948182435,205,0,0.30296263212743785,147,qwen2.5:7b,0.9199114445011866,1000,False,0.0,0.0,662,0,station,4,0.0,241,25.08,2028,90
189,1.3794444444444445,10.0,parity,1.0,9.99853731402207,0.0,21.486122689116286,10.44862176693626,53.20966664487292,128,1,0.33158947530389293,147,qwen2.5:7b,0.9171343147155211,1000,False,0.0,0.0,488,0,station,5,0.0,195,8.394,1943,74
215,1.3772222222222221,10.0,parity,1.0,9.980351038614565,0.0,24.1365143194204,13.26699700308569,56.798820281815736,4,0,0.3502850978579134,131,qwen2.5:7b,0.9181983195247853,1000,False,0.0,0.0,338,0,station,6,0.0,196,0.252,2075,87
207,1.376111111111111,10.0,parity,1.0,9.998036600053192,0.0,23.37418393556314,12.927266683847975,54.13691110346958,16,0,0.3394302848575712,130,qwen2.5:7b,0.9141150736506258,1000,False,0.0,0.0,336,0,station,7,0.0,192,0.264,2050,83
221,1.3711111111111112,10.0,parity,1.0,9.979002080230725,0.0,22.421686189626175,12.253222702083708,53.040741720268024,0,0,0.3217280090947847,168,qwen2.5:7b,0.9092001370965752,1000,False,0.0,0.0,196,0,station,8,0.0,198,0.062,2012,69
230,1.375,10.0,parity,1.0,9.999357951053753,0.0,24.25790411852804,14.073780058639036,53.39601536397924,0,1,0.30533315239516895,188,qwen2.5:7b,0.9115215086520281,1000,False,0.0,0.0,238,0,station,9,0.0,220,0.1,2136,111
231,1.355,10.0,parity_nocap,1.0,50.5747868038975,0.0,23.235121782110653,12.68636132569008,53.2594962387153,0,2,0.3593429158110883,125,qwen2.5:7b,0.8989202266622548,1000,False,0.12856944444444443,0.19223771983020013,0,0,station,0,0.0,159,0.0,1649,104
213,1.355,10.0,parity_nocap,1.0,34.30239683325019,0.0,21.61172669382825,10.814522755336638,51.6013525401604,0,0,0.3873263300576076,120,qwen2.5:7b,0.9018201774305877,1000,False,0.10542444444444445,0.16399506781750925,0,0,station,1,0.0,148,0.0,1622,72
227,1.355,10.0,parity_nocap,1.0,46.12917860050548,0.0,23.958163689072432,13.72221035758078,52.972387372866685,0,1,0.34996928746928746,121,qwen2.5:7b,0.9029617021398978,1000,False,0.1455077777777778,0.2046400951814396,0,0,station,2,0.0,155,0.0,1681,68
216,1.355,10.0,parity_nocap,1.0,49.91715457545703,0.0,25.36192944748379,15.124411044849696,55.74901679469759,0,1,0.35275080906148865,145,qwen2.5:7b,0.8945232845830469,1000,False,0.14484277777777776,0.2133176193282263,0,0,station,3,0.0,145,0.0,1697,123
255,1.355,10.0,parity_nocap,1.0,43.721725562833775,0.0,23.13180232220573,12.784034715810298,52.113417748577355,0,0,0.3658496997240708,114,qwen2.5:7b,0.9018465436223293,1000,False,0.13175222222222222,0.18843172331544425,0,0,station,4,0.0,181,0.0,1677,75
193,1.355,10.0,parity_nocap,1.0,35.2403644596349,0.0,22.55273180186535,11.977427654084964,54.86019811743765,0,1,0.38058959920503477,117,qwen2.5:7b,0.901184515038848,1000,False,0.11883166666666667,0.19106699751861042,0,0,station,5,0.0,137,0.0,1612,54
209,1.3544444444444443,10.0,parity_nocap,1.0,57.263452542017056,0.0,24.73223508494851,14.049989243256062,57.31814861231155,0,0,0.36728493763991044,116,qwen2.5:7b,0.9031074405880968,1000,False,0.13704055555555555,0.19826086956521738,0,0,station,6,0.0,137,0.0,1725,82
203,1.355,10.0,parity_nocap,1.0,45.20901100233137,0.0,23.274365992445052,13.040435116417566,53.87700766056377,0,0,0.3662669864108713,121,qwen2.5:7b,0.9004400040917325,1000,False,0.12163555555555555,0.19173859432799015,0,0,station,7,0.0,144,0.0,1622,73
217,1.355,10.0,parity_nocap,1.0,39.014362783187934,0.0,23.291469104411053,13.05879596535068,52.94232806611046,0,0,0.35825105782792666,129,qwen2.5:7b,0.8971095850132406,1000,False,0.1424322222222222,0.20678818353236958,0,0,station,8,0.0,148,0.0,1591,58
228,1.355,10.0,parity_nocap,1.0,56.597549958335,0.0,24.953662276518166,14.680410080445887,53.97939751387938,0,1,0.339320461008831,144,qwen2.5:7b,0.8977493159681358,1000,False,0.14454277777777777,0.2232196289646918,0,0,station,9,0.0,167,0.0,1671,95
116,1.355,10.0,cascade,1.0,64.63960597975331,0.0,23.283858881393382,10.019655375377551,72.39324913165989,0,0,0.43546284224250326,128,qwen2.5:7b,0.8989202266622548,1000,False,0.08358166666666667,0.14222873900293256,0,0,station,0,0.0,96,0.0,1364,37
116,1.3511111111111112,10.0,cascade,1.0,75.38191723734009,0.0,23.626421762733077,10.14705504569603,70.56956601239125,0,0,0.44902678743495855,117,qwen2.5:7b,0.8990012686105829,1000,False,0.09175222222222222,0.15861027190332327,0,0,station,1,0.0,93,0.0,1324,48
109,1.355,10.0,cascade,1.0,68.11874800682976,0.0,24.436244362680775,11.301839619858752,71.46584270899535,0,1,0.4203650680028633,146,qwen2.5:7b,0.9029617021398978,1000,False,0.0895288888888889,0.15029325513196481,0,0,station,2,0.0,86,0.0,1364,33
116,1.353888888888889,10.0,cascade,1.0,68.69027884537807,0.0,24.531981720616383,11.0459896365655,72.4824669190146,0,1,0.44879633167749333,122,qwen2.5:7b,0.8945232845830469,1000,False,0.09273888888888888,0.16581071166544387,0,0,station,3,0.0,85,0.0,1363,66
117,1.355,10.0,cascade,1.0,66.8942926095986,0.0,24.59259446921431,11.412531395259386,72.07633827912599,0,0,0.446121513183034,135,qwen2.5:7b,0.9018465436223293,1000,False,0.08724166666666666,0.15781710914454278,0,0,station,4,0.0,100,0.0,1356,25
104,1.355,10.0,cascade,1.0,71.02380849320215,0.0,22.249769640024148,8.407931734957769,71.5971399545085,0,1,0.497883149872989,104,qwen2.5:7b,0.901184515038848,1000,False,0.07331444444444445,0.14354066985645933,0,0,station,5,0.0,82,0.0,1254,16
118,1.3544444444444443,10.0,cascade,1.0,77.91333645101814,0.0,23.52287439443463,9.616112715841247,73.35150569545024,0,0,0.46430701928812884,107,qwen2.5:7b,0.9023675768614259,1000,False,0.08298055555555556,0.14464425332290853,0,0,station,6,0.0,97,0.0,1279,52
106,1.355,10.0,cascade,1.0,64.8016795665331,0.0,26.49601749072029,13.38511559712393,74.45827345487483,0,0,0.4190612172050687,142,qwen2.5:7b,0.9004400040917325,1000,False,0.08887888888888888,0.1592356687898089,0,0,station,7,0.0,87,0.0,1413,38
106,1.355,10.0,cascade,1.0,71.21581620320141,0.0,23.35532783922357,9.488046403251575,72.15411181025121,0,0,0.460544350890934,120,qwen2.5:7b,0.8971095850132406,1000,False,0.07560833333333333,0.14349775784753363,0,0,station,8,0.0,81,0.0,1338,26
111,1.355,10.0,cascade,1.0,64.92872592098904,0.0,26.106391566551554,13.133353313025045,73.72869425172674,0,1,0.4131471991517936,153,qwen2.5:7b,0.8977493159681358,1000,False,0.0982061111111111,0.17410714285714285,0,0,station,9,0.0,96,0.0,1344,47
172,1.355,10.0,view_lod,1.0,89.8348169421588,0.0,24.55693634748994,14.499233497408365,53.990147309519465,0,2,0.2985597996242956,249,qwen2.5:7b,0.8989202266622548,1000,False,0.13646,0.1726027397260274,0,0,station,0,0.0,52,0.0,1825,74
146,1.355,10.0,view_lod,1.0,64.37765914804098,0.0,24.80676154799356,14.628446878155493,55.79367675740587,0,0,0.31569198200582166,221,qwen2.5:7b,0.9018201774305877,1000,False,0.12567555555555557,0.1872852233676976,0,0,station,1,0.0,50,0.0,1746,80
196,1.355,10.0,view_lod,1.0,82.1223458956438,0.0,23.823092301605207,13.87954338802142,51.49929082207086,0,2,0.29584168336673344,233,qwen2.5:7b,0.9029617021398978,1000,False,0.13111722222222222,0.16785518376302797,0,0,station,2,0.0,74,0.0,1823,70
177,1.355,10.0,view_lod,1.0,100.43838712413624,0.0,26.161243416289043,15.974154746260679,57.159920891629795,0,1,0.31531291611185086,197,qwen2.5:7b,0.8945232845830469,1000,False,0.14449222222222222,0.20203735144312393,0,0,station,3,0.0,68,0.0,1767,133
199,1.355,10.0,view_lod,1.0,66.21157460486889,0.0,25.861994467431835,15.94093933344423,55.87984810209291,0,0,0.3029761144462894,235,qwen2.5:7b,0.9018465436223293,1000,False,0.14491722222222223,0.18663721700717836,0,0,station,4,0.0,64,0.0,1811,81
175,1.355,10.0,view_lod,1.0,77.45673451736405,0.0,23.075573387477828,12.391576286017942,54.65700942470203,0,1,0.33399321266968324,203,qwen2.5:7b,0.901184515038848,1000,False,0.11215222222222222,0.16097278517660682,0,0,station,5,0.0,74,0.0,1727,68
204,1.355,10.0,view_lod,1.0,88.61754050551426,0.0,26.576588466235798,15.917822005045565,57.84149453174355,0,0,0.3128720730255325,195,qwen2.5:7b,0.9031074405880968,1000,False,0.15723055555555557,0.19798093101514302,0,0,station,6,0.0,71,0.0,1783,104
173,1.355,10.0,view_lod,1.0,90.25470588152048,0.0,26.69803437192909,16.547479308210864,58.787722713000136,0,0,0.3231965089322242,179,qwen2.5:7b,0.9004400040917325,1000,False,0.14254944444444445,0.1941638608305275,0,0,station,7,0.0,66,0.0,1782,71
176,1.355,10.0,view_lod,1.0,88.63370711517007,0.0,24.22167457820905,14.243322973642588,52.56275221011774,0,0,0.2862835063994204,234,qwen2.5:7b,0.8971095850132406,1000,False,0.12968,0.17847485127095727,0,0,station,8,0.0,65,0.0,1849,98
189,1.355,10.0,view_lod,1.0,111.54885537320038,0.0,24.463754100933123,14.484339769334447,52.9790954298629,0,2,0.28082679971489666,255,qwen2.5:7b,0.8977493159681358,1000,False,0.13230444444444445,0.1619718309859155,0,0,station,9,0.0,71,0.0,1846,124
217,1.355,10.0,round_robin,1.0,70.40597616327895,0.0,24.8695993749699,14.949319175879786,54.581040041033,0,2,0.28957055214723926,226,qwen2.5:7b,0.8989202266622548,1000,False,0.10899111111111111,0.15138282387190685,0,0,station,0,0.0,75,0.0,2061,125
186,1.355,10.0,round_robin,1.0,45.27869027508971,0.0,23.759573402210112,13.160605754236053,54.48037764319521,0,0,0.32568426873099254,186,qwen2.5:7b,0.9018201774305877,1000,False,0.09291,0.14257228315054835,0,0,station,1,0.0,78,0.0,2006,101
197,1.355,10.0,round_robin,1.0,62.95000247270999,0.0,25.277155354381623,15.517091726834275,53.15279519953974,0,2,0.29509424541255774,215,qwen2.5:7b,0.9029617021398978,1000,False,0.10836277777777778,0.16683022571148184,0,0,station,2,0.0,71,0.0,2038,74
190,1.355,10.0,round_robin,1.0,58.73996069211048,0.0,24.71795712963794,14.36533033307623,56.163588227294305,0,1,0.31282118856239294,196,qwen2.5:7b,0.8945232845830469,1000,False,0.1323022222222222,0.19268558951965065,0,0,station,3,0.0,60,0.0,1832,113
202,1.355,10.0,round_robin,1.0,73.0944738621767,0.0,25.094576787010094,14.826934424227684,56.36672501528134,0,0,0.3195442831954428,199,qwen2.5:7b,0.9018465436223293,1000,False,0.08116777777777778,0.15042573320719016,0,0,station,4,0.0,78,0.0,2114,82
182,1.355,10.0,round_robin,1.0,75.72230600084,0.0,23.630499693525643,12.92638659385344,56.6284916004555,0,1,0.347316928550252,175,qwen2.5:7b,0.901184515038848,1000,False,0.07864611111111111,0.13010446343779677,0,0,station,5,0.0,91,0.0,2106,65
195,1.355,10.0,round_robin,1.0,65.23897188091095,0.0,25.078619176749285,14.325392403218476,56.48179638799446,0,0,0.3152465166130761,189,qwen2.5:7b,0.9031074405880968,1000,False,0.11229888888888889,0.1779884149552396,0,0,station,6,0.0,82,0.0,1899,117
162,1.355,10.0,round_robin,1.0,70.03770396091326,0.0,25.137973229993896,15.42202097317371,53.9341242812926,0,0,0.3011543828491691,211,qwen2.5:7b,0.9004400040917325,1000,False,0.10450388888888888,0.1670798215171046,0,0,station,7,0.0,61,0.0,2017,84
188,1.355,10.0,round_robin,1.0,60.38630279150747,0.0,23.985552238311666,13.761479654197082,52.33525962572042,0,0,0.2902436038682825,249,qwen2.5:7b,0.8971095850132406,1000,False,0.11650277777777777,0.16327595200834638,0,0,station,8,0.0,62,0.0,1917,82
186,1.355,10.0,round_robin,1.0,71.36382769713472,0.0,25.559075778647557,15.88919817954895,54.07740698932361,0,2,0.277608797379504,259,qwen2.5:7b,0.8977493159681358,1000,False,0.10880888888888889,0.16314779270633398,0,0,station,9,0.0,62,0.0,2084,96
280,1.6427777777777777,10.0,parity,1.0,9.99911282291702,0.0,20.049280594053823,8.941913364373264,50.46717174840552,790,2,0.11839965304130977,469,qwen2.5:7b,0.9957259074327967,2000,False,0.0,0.0,2416,0,station,0,0.0,816,525.203,3151,167
332,1.5294444444444444,10.0,parity,1.0,9.998239121233794,0.0,21.239896143172196,10.026659884475107,53.959563560307664,475,0,0.1666822211852543,288,qwen2.5:7b,0.99447086770444,2000,False,0.0,0.0,1598,0,station,1,0.0,422,165.88,3474,164
276,1.876111111111111,10.0,parity,1.0,9.999909014309754,0.0,18.428239582303693,6.122568678288686,45.38994971453568,1055,1,0.08284436993573624,536,qwen2.5:7b,0.9953639338076997,2000,False,0.0,0.0,2888,0,station,2,0.0,1041,788.081,2705,126
263,1.6233333333333333,10.0,parity,1.0,9.999785361870517,0.0,19.105702261524378,7.849290596133841,49.46036199287228,874,1,0.11253225625490856,469,qwen2.5:7b,0.9935145302035542,2000,False,0.0,0.0,2383,0,station,3,0.0,823,523.211,3038,155
339,1.5583333333333333,10.0,parity,1.0,9.999796422441515,0.0,22.04175686366741,10.634423336489121,56.567516814703964,715,0,0.14272474513438368,366,qwen2.5:7b,0.9953016785529002,2000,False,0.0,0.0,2065,0,station,4,0.0,580,334.413,3423,215
263,1.8722222222222222,10.0,parity,1.0,9.999111426040013,0.0,18.8416916748243,6.898119534829521,44.12682884695814,918,1,0.09100671140939598,556,qwen2.5:7b,0.995582224688753,2000,False,0.0,0.0,2973,0,station,5,0.0,1095,789.618,2778,75
379,1.5555555555555556,10.0,parity,1.0,9.999586395079339,0.0,21.510839948989172,10.102477971428458,56.594770399363114,656,0,0.14143730886850153,379,qwen2.5:7b,0.9946808810302576,2000,False,0.0,0.0,2114,0,station,6,0.0,730,391.141,3381,277
256,1.5866666666666667,10.0,parity,1.0,9.999807796153013,0.0,20.651526389435407,8.799575452792995,52.305793278056385,727,0,0.1342006162273194,426,qwen2.5:7b,0.9951062058762343,2000,False,0.0,0.0,2272,0,station,7,0.0,787,471.601,3172,167
237,1.673888888888889,10.0,parity,1.0,9.999944986118779,0.0,20.375600309372814,8.897264873568679,52.65759026471967,781,0,0.1175303197353914,493,qwen2.5:7b,0.9948291773787787,2000,False,0.0,0.0,2424,0,station,8,0.0,851,531.598,3094,152
324,1.6644444444444444,10.0,parity,1.0,9.999012713834146,0.0,21.66395689143903,10.245684711037699,51.74206167158932,670,2,0.12493460290886262,446,qwen2.5:7b,0.9932666714375713,2000,False,0.0,0.0,2362,0,station,9,0.0,827,504.675,3315,195
401,1.355,10.0,parity_nocap,1.0,78.56101337747467,0.0,26.429060826836878,15.144136297946238,62.98326441404106,0,2,0.21945086995876495,184,qwen2.5:7b,0.8989202266622548,2000,False,0.16719694444444444,0.2500804634695848,0,0,station,0,0.0,252,0.0,3107,273
347,1.355,10.0,parity_nocap,1.0,60.86824920656159,0.0,24.94436531344477,13.14025265479479,62.34718141620044,0,0,0.2310985797827903,178,qwen2.5:7b,0.9018201774305877,2000,False,0.16323722222222223,0.24237454903246966,0,0,station,1,0.0,221,0.0,3049,209
422,1.355,10.0,parity_nocap,1.0,70.34678504280687,0.0,28.484993272376627,16.670045031071453,65.91323184134473,0,3,0.2118106393362616,199,qwen2.5:7b,0.9029617021398978,2000,False,0.18986611111111112,0.2694898941289702,0,0,station,2,0.0,264,0.0,3117,414
373,1.355,10.0,parity_nocap,1.0,73.20167745698396,0.0,24.953977217730625,13.676042981976902,60.22663298531488,0,1,0.22145501851295907,193,qwen2.5:7b,0.8945232845830469,2000,False,0.1630163888888889,0.2399598393574297,0,0,station,3,0.0,222,0.0,2988,248
378,1.355,10.0,parity_nocap,1.0,73.39949051474348,0.0,26.712681286839477,15.135065240601625,65.05804301557596,0,0,0.22065916398713825,190,qwen2.5:7b,0.9018465436223293,2000,False,0.1570747222222222,0.24085952533675434,0,0,station,4,0.0,237,0.0,3118,306
464,1.355,10.0,parity_nocap,1.0,81.89688129208982,0.0,30.04882545304995,18.7978645548679,66.31327501805272,0,1,0.20059768397459843,191,qwen2.5:7b,0.901184515038848,2000,False,0.20899194444444444,0.27724665391969405,0,0,station,5,0.0,287,0.0,3138,356
469,1.355,10.0,parity_nocap,1.0,75.50780837119731,0.0,28.20526041716482,16.711052918104848,67.07355329679663,0,0,0.2185619581845997,170,qwen2.5:7b,0.9031074405880968,2000,False,0.1688125,0.2476606363069245,0,0,station,6,0.0,290,0.0,3206,390
387,1.355,10.0,parity_nocap,1.0,69.11071101028844,0.0,26.796365545342884,15.201529166822906,64.7569939265717,0,0,0.22537801389456477,181,qwen2.5:7b,0.9004400040917325,2000,False,0.16109722222222222,0.238110964332893,0,0,station,7,0.0,227,0.0,3028,334
382,1.355,10.0,parity_nocap,1.0,66.41911541554931,0.0,27.545038226150524,16.037259921019682,65.85109154652844,0,0,0.20761868662939448,206,qwen2.5:7b,0.8971095850132406,2000,False,0.17023583333333334,0.2759729816661306,0,0,station,8,0.0,242,0.0,3109,298
465,1.355,10.0,parity_nocap,1.0,83.18341593741978,0.0,30.1166160826856,19.253558874065106,67.65702081395499,0,2,0.19656715055236007,206,qwen2.5:7b,0.8977493159681358,2000,False,0.18678416666666667,0.2724976318282286,0,0,station,9,0.0,281,0.0,3167,410
158,1.355,10.0,cascade,1.0,59.01629937509051,0.0,23.34641197138659,8.443244193134033,80.760697910499,0,2,0.33304904051172707,150,qwen2.5:7b,0.8989202266622548,2000,False,0.07260444444444444,0.13157894736842105,0,0,station,0,0.0,93,0.0,2470,82
153,1.3533333333333333,10.0,cascade,1.0,58.91353833397347,0.0,21.243584768283114,5.278300876248517,78.30941725543958,0,0,0.3907329401853412,101,qwen2.5:7b,0.9007686607172541,2000,False,0.08159083333333333,0.1231696813092162,0,0,station,1,0.0,112,0.0,2322,56
169,1.355,10.0,cascade,1.0,68.03112132797405,0.0,26.057602055036668,11.787185532875606,82.15059043845247,0,2,0.28856579595860027,180,qwen2.5:7b,0.9029617021398978,2000,False,0.09835638888888888,0.15901771336553946,0,0,station,2,0.0,92,0.0,2484,99
188,1.355,10.0,cascade,1.0,67.33407952213491,0.0,25.42582467990999,10.993185006267593,79.45391082658864,0,1,0.29313380281690143,177,qwen2.5:7b,0.8945232845830469,2000,False,0.10823027777777777,0.17273090763694524,0,0,station,3,0.0,102,0.0,2501,118
163,1.355,10.0,cascade,1.0,50.20234147588732,0.0,20.927305758612814,4.951108768611373,79.69807652067531,0,0,0.400207182320442,101,qwen2.5:7b,0.9018465436223293,2000,False,0.06026777777777778,0.11029411764705882,0,0,station,4,0.0,115,0.0,2312,59
184,1.355,10.0,cascade,1.0,73.29262107383661,0.0,27.53021882053715,13.863984557943239,78.84179166500488,0,1,0.2342717755869499,261,qwen2.5:7b,0.901184515038848,2000,False,0.12697416666666667,0.1878048780487805,0,0,station,5,0.0,128,0.0,2460,93
204,1.355,10.0,cascade,1.0,72.38612415886487,0.0,26.10369699751434,12.035981229982566,79.92247816241368,0,0,0.26697247706422017,214,qwen2.5:7b,0.9031074405880968,2000,False,0.10567777777777777,0.16370808678500987,0,0,station,6,0.0,105,0.0,2535,80
148,1.355,10.0,cascade,1.0,75.97579672047152,0.0,25.643356737063463,10.952338897158434,81.00530176528703,0,0,0.28599532767736385,161,qwen2.5:7b,0.9004400040917325,2000,False,0.12019027777777777,0.17257190496040017,0,0,station,7,0.0,106,0.0,2399,57
180,1.355,10.0,cascade,1.0,65.02037566490458,0.0,25.42775593056731,10.778202358503675,81.88739204856714,0,0,0.2963198777537247,173,qwen2.5:7b,0.8971095850132406,2000,False,0.09138222222222223,0.158623417721519,0,0,station,8,0.0,106,0.0,2528,86
198,1.355,10.0,cascade,1.0,63.94057891080684,0.0,30.086809752055792,16.264533494025176,83.4032255910167,0,2,0.23402123822881185,240,qwen2.5:7b,0.8977493159681358,2000,False,0.14615472222222223,0.20885093167701863,0,0,station,9,0.0,97,0.0,2576,148
325,1.355,10.0,view_lod,1.0,107.09060436414904,0.0,25.7624949274735,14.927490123044759,59.552741049521316,0,2,0.18065061908790278,352,qwen2.5:7b,0.8989202266622548,2000,False,0.14228305555555557,0.20878136200716846,0,0,station,0,0.0,87,0.0,3348,217
296,1.355,10.0,view_lod,1.0,75.47968053547659,0.0,24.074732512077155,12.763701239880586,60.20190909432217,0,0,0.19166666666666668,338,qwen2.5:7b,0.9018201774305877,2000,False,0.1359586111111111,0.19081600992863793,0,0,station,1,0.0,90,0.0,3223,149
352,1.355,10.0,view_lod,1.0,85.35285735089394,0.0,28.28507467842836,17.465869230245737,62.702632508011085,0,3,0.17542157886882556,367,qwen2.5:7b,0.9029617021398978,2000,False,0.15953805555555556,0.23168199347374666,0,0,station,2,0.0,85,0.0,3371,257
270,1.355,10.0,view_lod,1.0,64.68757686543836,0.0,24.403501940348374,13.616794349331784,57.7944574269036,0,1,0.17384920343587107,382,qwen2.5:7b,0.8945232845830469,2000,False,0.13925222222222222,0.18966565349544073,0,0,station,3,0.0,68,0.0,3290,163
273,1.355,10.0,view_lod,1.0,82.47801477441308,0.0,25.804312381595288,14.252444251512907,62.6181681632618,0,2,0.19464579901153212,291,qwen2.5:7b,0.9018465436223293,2000,False,0.15026194444444443,0.21972534332084895,0,0,station,4,0.0,73,0.0,3204,144
321,1.355,10.0,view_lod,1.0,85.78149439077735,0.0,28.553979609431632,17.962628816180832,62.09119434733733,0,3,0.1639321371221113,390,qwen2.5:7b,0.901184515038848,2000,False,0.17112305555555554,0.23757070556713308,0,0,station,5,0.0,88,0.0,3359,162
327,1.355,10.0,view_lod,1.0,74.7888481260506,0.0,26.56928519051908,15.391746803189442,61.616264440198414,0,4,0.17763861310523904,376,qwen2.5:7b,0.9031074405880968,2000,False,0.15407555555555555,0.21901840490797547,0,0,station,6,0.0,110,0.0,3260,259
281,1.355,10.0,view_lod,1.0,80.14477513816915,0.0,27.124038414865502,15.586724641828898,62.92293267494371,0,0,0.18424753867791843,333,qwen2.5:7b,0.9004400040917325,2000,False,0.1670025,0.23529411764705882,0,0,station,7,0.0,78,0.0,3281,152
321,1.355,10.0,view_lod,1.0,73.8815648887783,0.0,27.802218869250154,16.61091319442096,64.50167065697116,0,0,0.17516447368421054,363,qwen2.5:7b,0.8971095850132406,2000,False,0.1557697222222222,0.23035066505441354,0,0,station,8,0.0,93,0.0,3308,234
412,1.355,10.0,view_lod,1.0,103.88830259404672,0.0,29.27636057972411,18.71402293301366,64.31568222062607,0,2,0.1673404562518048,366,qwen2.5:7b,0.8977493159681358,2000,False,0.17556611111111112,0.2385107620709715,0,0,station,9,0.0,117,0.0,3438,299
306,1.355,10.0,round_robin,1.0,75.86958471462661,0.0,26.513285749219694,15.23061206736818,61.73355696538061,0,2,0.17496285289747399,379,qwen2.5:7b,0.8989202266622548,2000,False,0.13543194444444445,0.20545977011494254,0,0,station,0,0.0,79,0.0,3480,201
268,1.355,10.0,round_robin,1.0,74.30776414758432,0.0,23.664643823655645,12.280618930647401,58.677725524283794,0,0,0.18630548096667193,323,qwen2.5:7b,0.9018201774305877,2000,False,0.12619277777777776,0.1783625730994152,0,0,station,1,0.0,75,0.0,3420,144
325,1.355,10.0,round_robin,1.0,89.034260940866,0.0,26.612952899341042,15.399159277486131,61.61444986447903,0,3,0.17496475476738146,370,qwen2.5:7b,0.9029617021398978,2000,False,0.16433277777777777,0.21891573364761344,0,0,station,2,0.0,76,0.0,3394,226
282,1.355,10.0,round_robin,1.0,74.12456512158934,0.0,23.340904703201264,12.374184125049512,56.1156948197479,0,1,0.17384615384615384,377,qwen2.5:7b,0.8945232845830469,2000,False,0.12396333333333333,0.16945373467112598,0,0,station,3,0.0,61,0.0,3588,194
255,1.355,10.0,round_robin,1.0,70.25073178041296,0.0,23.56473647613382,11.875082034427512,58.94542367546186,0,2,0.19408866995073892,318,qwen2.5:7b,0.9018465436223293,2000,False,0.13439777777777778,0.18833131801692865,0,0,station,4,0.0,69,0.0,3308,160
331,1.355,10.0,round_robin,1.0,66.18656093694008,0.0,30.122656680546083,19.32756392276955,65.70331561019793,0,3,0.16923849852867293,386,qwen2.5:7b,0.901184515038848,2000,False,0.1731475,0.2597844583096994,0,0,station,5,0.0,76,0.0,3526,181
333,1.355,10.0,round_robin,1.0,80.45948090234917,0.0,25.733968935336602,14.485822954912448,60.959043727962495,0,3,0.18174811160783105,328,qwen2.5:7b,0.9031074405880968,2000,False,0.13195277777777778,0.19543509272467904,0,0,station,6,0.0,77,0.0,3505,237
241,1.355,10.0,round_robin,1.0,68.37538465900079,0.0,25.89126810259185,14.676704449299974,61.49531692435621,0,0,0.17966331999698046,342,qwen2.5:7b,0.9004400040917325,2000,False,0.14097194444444444,0.2142433234421365,0,0,station,7,0.0,55,0.0,3370,115
297,1.355,10.0,round_robin,1.0,74.88745728678344,0.0,27.49875966217628,16.350847736532295,62.7744092773062,0,0,0.17119252873563218,387,qwen2.5:7b,0.8971095850132406,2000,False,0.19269111111111112,0.23228346456692914,0,0,station,8,0.0,52,0.0,3048,206
425,1.355,10.0,round_robin,1.0,74.03386800432065,0.0,28.58027751414576,17.44850152707972,64.34080847561091,0,2,0.16958725561187546,360,qwen2.5:7b,0.8977493159681358,2000,False,0.15932805555555554,0.21645603656897017,0,0,station,9,0.0,93,0.0,3719,297
